ip,timestamp,method,status_code,size,label
192.168.1.138,2024-11-30 09:26:01,OPTIONS,301,541,0
192.168.1.130,2024-11-30 12:00:34,OPTIONS,200,5239,0
192.168.1.75,2024-12-01 00:22:12,POST,200,5778,0
192.168.1.176,2024-11-30 19:33:26,DELETE,200,3911,0
10.0.0.113,2024-11-30 05:37:26,GET,200,7765,0
10.0.0.97,2024-11-30 10:02:02,GET,201,8457,0
10.0.0.159,2024-11-30 06:13:50,GET,503,3660,1
192.168.1.145,2024-11-30 11:53:40,DELETE,404,2102,1
10.0.0.128,2024-12-01 00:24:57,PUT,201,2384,0
192.168.1.3,2024-11-30 04:37:41,PUT,200,9041,0
10.0.0.182,2024-11-30 10:22:52,DELETE,200,7635,0
192.168.1.72,2024-11-30 21:28:22,PUT,500,16384,1
10.0.0.171,2024-11-30 22:22:38,OPTIONS,200,8475,0
192.168.1.96,2024-12-01 01:16:11,GET,200,8070,0
10.0.0.221,2024-11-30 05:23:54,DELETE,200,11116,0
192.168.1.75,2024-11-30 16:56:36,PUT,403,844,1
192.168.1.234,2024-11-30 06:29:55,GET,200,18361,0
192.168.1.145,2024-11-30 03:01:56,GET,201,3503,0
192.168.1.211,2024-12-01 00:26:59,POST,200,8018,0
192.168.1.7,2024-11-30 02:24:13,OPTIONS,200,856,0
192.168.1.225,2024-11-30 20:49:15,OPTIONS,403,14204,1
192.168.1.209,2024-11-30 20:42:24,POST,201,9052,0
10.0.0.245,2024-11-30 05:18:59,PUT,404,5980,1
10.0.0.156,2024-11-30 23:00:00,DELETE,404,7874,1
192.168.1.169,2024-11-30 09:48:03,DELETE,200,8700,0
192.168.1.193,2024-11-30 21:24:25,DELETE,200,9863,0
10.0.0.184,2024-11-30 08:00:23,POST,404,3975,1
10.0.0.167,2024-11-30 09:04:19,GET,200,1469,0
192.168.1.130,2024-11-30 23:34:33,PUT,200,7291,0
192.168.1.112,2024-12-01 00:20:06,OPTIONS,200,4729,0
10.0.0.141,2024-11-30 22:14:53,POST,200,5442,1
10.0.0.208,2024-12-01 00:53:03,PUT,200,7077,0
10.0.0.154,2024-11-30 06:05:56,PUT,301,1584,0
192.168.1.201,2024-11-30 05:34:37,GET,301,8001,0
192.168.1.235,2024-11-30 14:38:37,POST,500,4796,1
10.0.0.57,2024-11-30 17:52:41,GET,403,3735,1
10.0.0.73,2024-11-30 17:00:20,GET,301,6801,0
10.0.0.175,2024-11-30 20:34:40,PUT,200,7043,1
10.0.0.160,2024-11-30 16:50:27,OPTIONS,500,5434,1
192.168.1.80,2024-11-30 18:01:56,OPTIONS,500,613,1
10.0.0.239,2024-11-30 13:45:26,DELETE,404,5990,1
192.168.1.198,2024-11-30 09:21:10,PUT,404,5296,1
192.168.1.87,2024-11-30 03:47:19,DELETE,200,6004,0
10.0.0.196,2024-11-30 02:40:40,GET,200,6860,0
192.168.1.45,2024-11-30 23:15:26,OPTIONS,200,7863,0
192.168.1.47,2024-11-30 17:01:15,PUT,200,577,0
10.0.0.160,2024-11-30 18:10:47,OPTIONS,200,8795,0
10.0.0.211,2024-11-30 15:51:33,POST,200,6845,0
10.0.0.252,2024-12-01 00:27:22,GET,301,5163,0
10.0.0.80,2024-11-30 05:39:01,GET,200,3364,0
192.168.1.180,2024-11-30 09:15:35,POST,200,7403,0
10.0.0.143,2024-11-30 20:47:47,DELETE,200,6132,0
192.168.1.118,2024-11-30 15:21:50,DELETE,301,2725,0
192.168.1.82,2024-12-01 01:21:20,POST,200,5372,0
10.0.0.47,2024-11-30 11:14:29,DELETE,201,4991,0
10.0.0.74,2024-11-30 04:20:52,POST,200,10579,0
192.168.1.96,2024-11-30 20:17:45,OPTIONS,200,2368,1
192.168.1.171,2024-11-30 21:11:11,DELETE,301,6290,0
10.0.0.90,2024-11-30 01:49:26,OPTIONS,200,5916,0
192.168.1.186,2024-11-30 14:44:28,PUT,503,5382,0
10.0.0.34,2024-11-30 08:04:41,GET,200,9254,0
192.168.1.6,2024-11-30 14:45:39,PUT,200,3422,0
192.168.1.146,2024-12-01 00:53:47,PUT,200,1842,0
192.168.1.99,2024-11-30 13:45:56,PUT,404,12371,1
10.0.0.212,2024-11-30 01:51:35,POST,200,6870,0
10.0.0.69,2024-11-30 03:27:34,POST,201,1378,0
10.0.0.231,2024-11-30 04:23:38,POST,403,7214,1
10.0.0.237,2024-11-30 20:04:52,DELETE,200,16090,0
10.0.0.144,2024-11-30 10:08:24,POST,200,7461,1
10.0.0.56,2024-11-30 05:50:26,DELETE,200,6581,0
10.0.0.100,2024-11-30 22:15:04,POST,503,6284,1
192.168.1.195,2024-11-30 21:39:30,POST,301,6244,0
10.0.0.239,2024-11-30 17:16:44,GET,200,4177,0
192.168.1.168,2024-12-01 00:42:08,OPTIONS,200,3920,0
10.0.0.152,2024-11-30 17:11:35,PUT,200,3889,0
192.168.1.131,2024-11-30 06:16:04,GET,404,536,1
192.168.1.65,2024-11-30 09:36:50,OPTIONS,201,5094,0
192.168.1.110,2024-12-01 00:12:11,OPTIONS,200,5891,0
10.0.0.19,2024-12-01 01:10:02,OPTIONS,200,363,0
10.0.0.141,2024-11-30 03:10:56,POST,200,4669,0
10.0.0.98,2024-11-30 11:49:14,PUT,200,8489,0
192.168.1.187,2024-11-30 21:26:55,DELETE,404,2127,0
10.0.0.121,2024-11-30 11:43:32,DELETE,301,5193,0
192.168.1.123,2024-11-30 19:43:04,POST,200,8464,0
192.168.1.214,2024-11-30 14:29:00,DELETE,503,1320,1
10.0.0.108,2024-12-01 00:44:18,DELETE,200,3084,0
192.168.1.145,2024-11-30 22:13:24,PUT,404,1809,1
192.168.1.248,2024-11-30 10:16:57,GET,200,8540,0
10.0.0.82,2024-11-30 22:57:09,GET,503,6958,1
192.168.1.151,2024-11-30 05:01:22,DELETE,200,11080,0
192.168.1.184,2024-11-30 12:28:00,GET,403,6348,1
10.0.0.105,2024-11-30 02:37:39,POST,200,426,0
10.0.0.90,2024-11-30 05:34:41,OPTIONS,200,744,0
10.0.0.53,2024-11-30 15:38:21,OPTIONS,200,7594,0
10.0.0.107,2024-11-30 17:26:41,GET,403,6994,1
10.0.0.136,2024-11-30 07:43:42,PUT,200,1327,0
10.0.0.64,2024-11-30 02:23:25,OPTIONS,201,6647,0
192.168.1.114,2024-11-30 08:57:18,GET,404,2365,1
192.168.1.220,2024-11-30 05:07:01,DELETE,201,604,0
10.0.0.171,2024-11-30 12:29:30,PUT,200,1067,0
10.0.0.27,2024-11-30 23:23:45,OPTIONS,200,6648,0
192.168.1.22,2024-11-30 06:23:01,PUT,200,2317,0
10.0.0.178,2024-11-30 05:26:42,DELETE,403,3156,1
192.168.1.160,2024-11-30 22:46:08,PUT,403,3801,1
192.168.1.9,2024-11-30 12:11:27,OPTIONS,200,3055,0
10.0.0.170,2024-11-30 13:23:17,POST,201,4797,0
10.0.0.132,2024-11-30 05:48:32,OPTIONS,201,958,0
10.0.0.171,2024-11-30 10:26:52,DELETE,201,2455,0
192.168.1.165,2024-11-30 18:22:18,POST,404,9218,1
10.0.0.209,2024-11-30 03:31:33,PUT,404,2975,1
192.168.1.184,2024-11-30 04:11:54,PUT,301,2336,0
10.0.0.220,2024-11-30 20:57:50,GET,404,1786,1
192.168.1.122,2024-11-30 09:54:31,POST,200,9028,0
192.168.1.119,2024-11-30 02:41:31,GET,503,3414,1
10.0.0.162,2024-11-30 14:41:37,OPTIONS,200,6838,0
192.168.1.15,2024-11-30 12:32:45,POST,500,3385,1
192.168.1.115,2024-11-30 13:40:26,DELETE,301,4087,0
192.168.1.24,2024-11-30 04:07:49,GET,200,9014,0
10.0.0.194,2024-12-01 00:27:38,POST,200,6973,0
10.0.0.152,2024-11-30 06:08:46,PUT,404,1620,1
10.0.0.112,2024-11-30 23:25:15,POST,201,5999,0
192.168.1.86,2024-11-30 02:07:54,OPTIONS,403,5092,1
192.168.1.115,2024-11-30 18:27:42,GET,200,7118,0
192.168.1.215,2024-11-30 13:45:54,OPTIONS,500,4969,1
192.168.1.194,2024-11-30 17:36:11,OPTIONS,200,4867,0
10.0.0.175,2024-11-30 11:12:04,POST,500,3714,1
192.168.1.24,2024-11-30 18:11:32,POST,200,6356,0
10.0.0.255,2024-11-30 22:14:12,DELETE,200,5391,0
192.168.1.219,2024-11-30 22:07:46,POST,201,8479,0
192.168.1.196,2024-11-30 21:42:47,OPTIONS,301,367,0
192.168.1.255,2024-11-30 12:13:40,DELETE,404,3455,1
192.168.1.151,2024-11-30 11:02:57,GET,200,8254,0
192.168.1.239,2024-11-30 02:42:12,OPTIONS,200,6908,0
10.0.0.63,2024-12-01 00:44:54,OPTIONS,200,4287,0
192.168.1.63,2024-11-30 10:52:27,PUT,500,4363,1
10.0.0.158,2024-12-01 00:27:09,PUT,200,9919,0
192.168.1.169,2024-11-30 23:30:37,PUT,200,1210,0
192.168.1.54,2024-11-30 18:05:15,PUT,404,1085,0
192.168.1.78,2024-11-30 04:49:30,GET,500,9682,1
192.168.1.7,2024-11-30 12:05:42,OPTIONS,200,2192,0
192.168.1.183,2024-11-30 04:04:52,PUT,200,5779,0
10.0.0.99,2024-11-30 05:11:09,DELETE,200,2076,0
192.168.1.250,2024-11-30 15:15:45,PUT,200,381,0
192.168.1.217,2024-11-30 23:32:05,OPTIONS,200,2630,0
192.168.1.238,2024-11-30 10:17:06,POST,200,8864,0
10.0.0.189,2024-12-01 00:57:24,GET,200,4189,0
10.0.0.149,2024-12-01 00:50:58,DELETE,201,2652,0
10.0.0.182,2024-11-30 19:10:09,DELETE,200,10236,1
192.168.1.216,2024-11-30 12:59:41,GET,200,9067,0
192.168.1.197,2024-11-30 20:22:20,PUT,500,7977,1
192.168.1.240,2024-11-30 10:07:56,OPTIONS,500,11823,1
192.168.1.8,2024-11-30 15:23:05,DELETE,201,6680,0
192.168.1.22,2024-11-30 10:24:21,DELETE,301,8503,0
10.0.0.120,2024-12-01 00:11:21,POST,200,5318,0
192.168.1.219,2024-11-30 06:28:54,OPTIONS,404,9890,1
192.168.1.232,2024-11-30 03:32:54,DELETE,404,9715,1
10.0.0.48,2024-11-30 11:10:32,PUT,301,481,0
10.0.0.233,2024-11-30 17:16:21,PUT,200,13712,0
192.168.1.203,2024-11-30 21:37:40,DELETE,200,3608,0
192.168.1.180,2024-11-30 02:17:03,PUT,200,5992,0
192.168.1.1,2024-11-30 14:59:48,DELETE,403,9592,1
192.168.1.179,2024-11-30 08:55:19,PUT,200,3451,1
192.168.1.127,2024-11-30 06:11:58,DELETE,301,5517,0
192.168.1.130,2024-11-30 05:53:11,GET,200,432,0
10.0.0.10,2024-11-30 17:07:17,OPTIONS,200,7329,0
10.0.0.130,2024-11-30 22:41:10,OPTIONS,301,5494,0
10.0.0.112,2024-11-30 13:15:00,POST,200,4619,0
10.0.0.72,2024-11-30 15:14:39,OPTIONS,200,3380,1
10.0.0.41,2024-11-30 13:00:27,GET,200,1034,0
192.168.1.95,2024-11-30 05:47:49,DELETE,200,2833,0
192.168.1.208,2024-11-30 18:09:17,GET,403,6227,1
192.168.1.120,2024-11-30 21:19:37,OPTIONS,403,6987,1
10.0.0.20,2024-11-30 06:38:27,OPTIONS,200,6224,0
192.168.1.84,2024-11-30 21:35:46,OPTIONS,200,7736,0
192.168.1.15,2024-11-30 03:53:42,DELETE,200,3714,0
10.0.0.51,2024-11-30 08:31:00,GET,200,9083,0
192.168.1.53,2024-11-30 19:03:56,POST,404,269,1
192.168.1.28,2024-11-30 03:01:13,PUT,200,3186,0
192.168.1.178,2024-11-30 10:18:25,POST,201,11317,0
10.0.0.85,2024-11-30 05:07:52,POST,301,9421,0
192.168.1.14,2024-11-30 08:04:32,DELETE,200,5835,0
10.0.0.63,2024-12-01 01:10:55,POST,200,272,0
192.168.1.208,2024-11-30 03:53:25,POST,404,9858,1
10.0.0.47,2024-11-30 09:57:36,POST,200,7361,0
192.168.1.197,2024-11-30 15:07:32,POST,403,9968,0
10.0.0.98,2024-11-30 15:56:29,DELETE,200,751,1
10.0.0.63,2024-11-30 22:31:47,GET,200,5831,0
10.0.0.139,2024-11-30 05:58:48,OPTIONS,200,2269,1
10.0.0.37,2024-11-30 14:55:03,DELETE,404,4056,1
192.168.1.213,2024-11-30 19:13:39,DELETE,301,5750,0
192.168.1.111,2024-11-30 15:12:11,GET,201,9769,0
10.0.0.30,2024-11-30 05:19:18,PUT,404,6304,1
192.168.1.189,2024-11-30 05:29:21,PUT,301,3825,0
192.168.1.66,2024-11-30 10:44:03,POST,201,6148,0
10.0.0.137,2024-11-30 23:32:59,OPTIONS,200,7671,0
10.0.0.218,2024-11-30 12:36:03,DELETE,403,3261,1
10.0.0.137,2024-11-30 08:52:11,DELETE,200,4346,0
192.168.1.60,2024-11-30 21:53:35,GET,301,7278,0
10.0.0.253,2024-11-30 13:02:07,POST,403,9620,1
192.168.1.160,2024-11-30 19:09:58,GET,200,9225,0
10.0.0.16,2024-11-30 22:55:08,PUT,200,16680,0
192.168.1.116,2024-12-01 01:15:22,PUT,201,513,0
192.168.1.245,2024-11-30 10:08:50,POST,200,7489,0
10.0.0.94,2024-12-01 00:09:20,GET,200,132,0
10.0.0.86,2024-11-30 08:57:41,DELETE,200,2133,0
10.0.0.37,2024-11-30 12:29:06,OPTIONS,200,609,0
10.0.0.14,2024-11-30 13:59:20,OPTIONS,201,2865,0
192.168.1.21,2024-11-30 22:13:45,OPTIONS,200,8016,0
192.168.1.36,2024-11-30 09:47:58,OPTIONS,301,680,0
192.168.1.231,2024-11-30 10:50:53,PUT,200,6013,0
192.168.1.219,2024-11-30 20:09:05,DELETE,200,5200,0
10.0.0.229,2024-11-30 20:07:20,GET,200,5430,0
192.168.1.152,2024-11-30 05:50:42,DELETE,200,3711,0
192.168.1.163,2024-11-30 03:45:24,OPTIONS,200,9175,0
10.0.0.216,2024-11-30 21:53:34,OPTIONS,200,1718,0
10.0.0.34,2024-11-30 23:23:18,OPTIONS,301,2004,0
10.0.0.112,2024-11-30 16:21:27,POST,503,833,1
10.0.0.81,2024-11-30 18:12:49,POST,503,6461,1
10.0.0.63,2024-12-01 00:59:50,POST,201,1656,0
192.168.1.38,2024-11-30 02:39:12,GET,403,2911,0
192.168.1.72,2024-11-30 23:57:40,OPTIONS,500,5601,1
10.0.0.33,2024-11-30 09:42:29,OPTIONS,201,8058,0
192.168.1.97,2024-11-30 15:48:57,OPTIONS,200,3371,1
10.0.0.158,2024-11-30 19:10:02,GET,403,7524,1
192.168.1.219,2024-11-30 22:52:19,POST,201,5345,0
10.0.0.176,2024-11-30 17:18:09,POST,200,5687,0
192.168.1.170,2024-11-30 13:11:10,PUT,201,1688,0
192.168.1.40,2024-11-30 08:29:08,GET,403,4142,1
192.168.1.100,2024-11-30 13:35:42,POST,200,2941,0
10.0.0.169,2024-11-30 01:50:33,GET,301,5737,0
192.168.1.173,2024-11-30 08:25:31,PUT,200,4131,0
192.168.1.41,2024-11-30 08:34:27,GET,200,2364,1
192.168.1.72,2024-11-30 04:59:27,PUT,500,9759,1
192.168.1.3,2024-11-30 10:58:51,OPTIONS,200,9141,0
192.168.1.106,2024-11-30 22:21:33,PUT,403,6930,1
192.168.1.83,2024-11-30 16:55:42,POST,404,5680,1
192.168.1.159,2024-11-30 16:24:43,PUT,403,6808,1
192.168.1.145,2024-11-30 05:50:07,POST,301,3122,0
10.0.0.236,2024-11-30 13:28:59,POST,200,1535,0
10.0.0.69,2024-11-30 12:01:18,DELETE,403,2949,1
192.168.1.134,2024-11-30 04:13:04,OPTIONS,200,4619,0
192.168.1.138,2024-11-30 10:16:41,GET,200,3049,0
10.0.0.153,2024-11-30 03:36:11,DELETE,200,6279,0
192.168.1.98,2024-11-30 19:51:36,OPTIONS,200,3383,0
192.168.1.28,2024-12-01 01:02:08,POST,200,17558,0
192.168.1.248,2024-11-30 02:23:25,PUT,200,1113,0
10.0.0.83,2024-11-30 14:20:15,POST,200,9388,0
10.0.0.247,2024-11-30 21:15:24,PUT,403,6056,1
192.168.1.180,2024-11-30 11:14:07,OPTIONS,404,1762,1
192.168.1.4,2024-11-30 18:54:54,POST,404,2425,1
192.168.1.7,2024-11-30 17:50:36,OPTIONS,403,5052,1
10.0.0.167,2024-11-30 04:22:38,PUT,200,7508,0
192.168.1.212,2024-11-30 14:32:21,OPTIONS,403,1823,1
192.168.1.142,2024-11-30 20:21:23,GET,301,2061,0
192.168.1.252,2024-11-30 16:06:25,DELETE,200,8516,0
192.168.1.145,2024-11-30 13:52:27,OPTIONS,301,7382,0
10.0.0.243,2024-11-30 02:21:41,DELETE,200,878,0
192.168.1.173,2024-11-30 21:15:05,PUT,201,8104,0
192.168.1.77,2024-11-30 12:24:05,GET,301,5396,0
192.168.1.199,2024-11-30 08:25:13,OPTIONS,200,2221,0
192.168.1.202,2024-11-30 22:32:49,PUT,200,6780,0
192.168.1.145,2024-12-01 01:31:34,PUT,404,2324,1
10.0.0.84,2024-11-30 03:08:10,PUT,201,4920,0
10.0.0.88,2024-11-30 23:00:29,DELETE,200,2178,0
192.168.1.215,2024-11-30 23:02:16,POST,200,8275,0
192.168.1.188,2024-11-30 20:45:55,PUT,200,878,0
192.168.1.68,2024-11-30 06:27:58,POST,200,2410,0
10.0.0.5,2024-11-30 23:16:42,POST,201,5551,0
192.168.1.148,2024-11-30 04:22:12,OPTIONS,200,3279,0
192.168.1.163,2024-12-01 00:52:18,PUT,404,7143,0
10.0.0.46,2024-11-30 08:09:59,DELETE,200,8446,0
10.0.0.137,2024-12-01 00:03:34,OPTIONS,200,3886,0
192.168.1.49,2024-11-30 04:16:34,GET,200,4017,0
10.0.0.240,2024-11-30 10:53:52,POST,200,8527,0
10.0.0.125,2024-11-30 11:31:05,DELETE,200,469,0
10.0.0.100,2024-11-30 04:26:16,GET,403,3119,1
10.0.0.46,2024-11-30 04:00:39,GET,404,5739,0
192.168.1.119,2024-11-30 22:43:38,POST,200,6184,0
10.0.0.123,2024-11-30 12:28:59,POST,200,2596,0
192.168.1.128,2024-11-30 21:39:25,PUT,200,3004,0
10.0.0.134,2024-11-30 11:24:21,GET,200,1108,0
10.0.0.139,2024-11-30 15:39:36,POST,301,16707,0
10.0.0.106,2024-11-30 17:22:49,OPTIONS,500,1298,1
10.0.0.240,2024-11-30 17:25:21,GET,200,5350,0
192.168.1.190,2024-11-30 19:46:05,PUT,200,9686,0
10.0.0.58,2024-11-30 20:26:36,GET,500,4025,1
192.168.1.39,2024-11-30 05:10:27,GET,200,4129,1
10.0.0.208,2024-11-30 07:13:35,GET,200,9858,0
192.168.1.103,2024-11-30 03:53:32,GET,403,1754,1
10.0.0.111,2024-11-30 21:01:37,DELETE,200,6266,0
192.168.1.186,2024-11-30 07:48:14,OPTIONS,201,5511,0
192.168.1.59,2024-11-30 14:32:58,PUT,301,6017,0
192.168.1.89,2024-11-30 18:30:49,PUT,201,2239,0
10.0.0.157,2024-11-30 02:40:40,DELETE,200,4993,0
10.0.0.243,2024-11-30 03:22:54,GET,500,4966,1
10.0.0.141,2024-11-30 22:34:49,OPTIONS,200,276,0
192.168.1.220,2024-11-30 01:58:02,DELETE,301,9238,0
192.168.1.6,2024-11-30 17:24:21,OPTIONS,200,3102,1
10.0.0.118,2024-11-30 10:29:54,OPTIONS,200,1515,0
10.0.0.29,2024-11-30 05:44:42,PUT,403,3639,1
10.0.0.8,2024-11-30 20:03:29,PUT,404,3748,1
10.0.0.217,2024-11-30 20:34:31,GET,200,7474,0
10.0.0.81,2024-11-30 02:59:59,GET,200,7565,0
10.0.0.170,2024-11-30 04:50:29,POST,403,6840,1
192.168.1.43,2024-11-30 23:28:47,POST,404,7979,0
10.0.0.99,2024-11-30 06:29:48,GET,503,6959,0
10.0.0.156,2024-11-30 04:44:44,DELETE,200,19352,0
192.168.1.235,2024-11-30 19:48:05,GET,200,6443,1
192.168.1.96,2024-11-30 03:18:48,POST,200,2553,0
10.0.0.245,2024-11-30 03:03:52,PUT,200,6141,0
10.0.0.246,2024-11-30 09:22:36,GET,200,2650,0
10.0.0.58,2024-11-30 15:50:18,OPTIONS,200,3817,0
192.168.1.63,2024-11-30 23:17:52,DELETE,200,4889,0
192.168.1.171,2024-12-01 00:37:58,GET,201,8110,0
10.0.0.70,2024-11-30 14:19:33,POST,500,5599,1
192.168.1.125,2024-11-30 08:48:35,POST,301,6053,0
10.0.0.146,2024-11-30 05:25:16,OPTIONS,200,5967,0
192.168.1.237,2024-11-30 07:36:00,PUT,200,9990,0
10.0.0.78,2024-11-30 17:08:28,PUT,200,9074,0
192.168.1.10,2024-11-30 04:56:17,OPTIONS,200,7618,0
10.0.0.188,2024-11-30 15:47:10,DELETE,403,9331,1
10.0.0.230,2024-11-30 15:13:13,PUT,200,664,0
10.0.0.102,2024-11-30 10:21:54,POST,404,9041,1
192.168.1.92,2024-11-30 17:22:55,POST,200,3923,0
10.0.0.198,2024-11-30 16:44:50,OPTIONS,200,5344,0
192.168.1.94,2024-11-30 11:37:36,DELETE,201,4897,0
192.168.1.36,2024-11-30 06:26:41,DELETE,503,8270,1
10.0.0.248,2024-11-30 17:04:56,PUT,503,15651,1
10.0.0.221,2024-11-30 22:06:21,OPTIONS,301,9074,0
192.168.1.254,2024-11-30 15:32:06,PUT,301,15269,0
10.0.0.134,2024-11-30 08:32:33,DELETE,403,8755,1
10.0.0.157,2024-11-30 21:01:08,GET,404,2357,1
10.0.0.175,2024-11-30 03:17:39,OPTIONS,200,17225,0
10.0.0.166,2024-11-30 11:07:26,POST,404,120,1
10.0.0.88,2024-11-30 08:12:31,OPTIONS,200,18309,0
192.168.1.211,2024-11-30 10:03:27,DELETE,201,2427,0
10.0.0.17,2024-11-30 16:37:29,DELETE,200,1365,0
192.168.1.223,2024-11-30 15:55:19,PUT,200,4292,0
192.168.1.32,2024-12-01 00:32:13,PUT,200,262,0
10.0.0.37,2024-11-30 08:12:20,PUT,301,4960,0
192.168.1.218,2024-11-30 05:44:43,GET,301,8631,0
10.0.0.205,2024-11-30 21:42:19,OPTIONS,200,7297,0
192.168.1.1,2024-11-30 02:45:45,GET,200,7932,0
192.168.1.63,2024-11-30 07:05:12,OPTIONS,500,817,1
192.168.1.50,2024-12-01 01:36:10,DELETE,200,1684,0
10.0.0.100,2024-12-01 00:28:32,GET,200,2109,0
10.0.0.6,2024-11-30 12:42:16,POST,200,8760,0
192.168.1.34,2024-11-30 07:58:00,GET,200,5436,0
192.168.1.240,2024-12-01 00:01:14,GET,201,5722,0
10.0.0.60,2024-11-30 16:29:01,OPTIONS,200,9562,0
192.168.1.119,2024-11-30 09:14:02,OPTIONS,200,14006,0
192.168.1.64,2024-11-30 14:57:49,OPTIONS,403,1944,1
10.0.0.161,2024-12-01 01:38:35,PUT,201,5174,0
10.0.0.53,2024-11-30 07:32:30,PUT,200,8406,0
192.168.1.15,2024-11-30 22:33:48,POST,200,9816,0
192.168.1.26,2024-11-30 09:52:24,OPTIONS,404,8688,1
10.0.0.98,2024-11-30 18:14:26,OPTIONS,200,2965,0
10.0.0.140,2024-11-30 02:11:19,DELETE,201,7609,0
192.168.1.132,2024-11-30 12:19:48,OPTIONS,200,9803,0
192.168.1.6,2024-11-30 13:34:57,OPTIONS,200,923,0
192.168.1.79,2024-12-01 00:32:28,POST,200,4963,0
192.168.1.27,2024-11-30 02:04:34,GET,301,7520,0
10.0.0.7,2024-11-30 06:48:16,DELETE,200,2885,0
10.0.0.77,2024-11-30 17:54:17,DELETE,404,5542,1
10.0.0.3,2024-11-30 12:34:18,PUT,200,3123,0
192.168.1.145,2024-11-30 18:11:36,GET,200,1757,0
192.168.1.3,2024-11-30 13:13:07,PUT,301,5864,0
192.168.1.122,2024-11-30 10:20:38,OPTIONS,200,5181,0
192.168.1.9,2024-11-30 05:20:28,PUT,200,3632,1
192.168.1.196,2024-11-30 11:08:31,OPTIONS,403,5828,1
10.0.0.19,2024-11-30 22:05:42,GET,200,9696,0
192.168.1.79,2024-11-30 04:41:10,POST,200,4099,0
10.0.0.213,2024-11-30 21:32:12,OPTIONS,301,759,0
10.0.0.101,2024-11-30 15:15:41,PUT,200,4825,0
10.0.0.219,2024-11-30 16:44:10,GET,200,4479,0
192.168.1.127,2024-11-30 20:07:50,DELETE,404,8895,0
192.168.1.18,2024-11-30 22:23:52,PUT,301,9376,0
10.0.0.94,2024-11-30 07:51:11,GET,200,5284,0
10.0.0.64,2024-11-30 17:31:17,POST,200,5461,0
192.168.1.87,2024-11-30 21:47:25,PUT,403,909,1
10.0.0.14,2024-11-30 08:24:40,DELETE,404,7087,1
10.0.0.254,2024-11-30 11:54:12,POST,500,4295,1
192.168.1.205,2024-11-30 22:55:07,GET,200,10693,0
192.168.1.169,2024-12-01 00:33:28,DELETE,200,9842,0
10.0.0.140,2024-11-30 02:30:53,DELETE,200,2351,0
192.168.1.1,2024-11-30 18:17:40,POST,404,1280,1
10.0.0.222,2024-11-30 11:50:31,POST,301,3719,0
10.0.0.120,2024-11-30 03:11:29,DELETE,403,3881,1
10.0.0.150,2024-11-30 08:35:37,PUT,403,7112,1
10.0.0.6,2024-11-30 14:10:10,DELETE,201,6333,0
192.168.1.149,2024-11-30 21:18:48,POST,301,1529,0
192.168.1.65,2024-11-30 19:21:35,POST,200,2393,0
10.0.0.112,2024-11-30 06:34:09,DELETE,201,4824,0
192.168.1.55,2024-11-30 20:10:15,OPTIONS,200,7453,0
10.0.0.197,2024-11-30 17:00:20,GET,503,7225,0
10.0.0.90,2024-11-30 19:45:21,OPTIONS,200,1534,0
192.168.1.15,2024-11-30 06:24:51,DELETE,301,17349,0
10.0.0.222,2024-11-30 18:09:43,PUT,500,7191,0
10.0.0.215,2024-11-30 08:44:34,OPTIONS,200,710,0
10.0.0.21,2024-11-30 11:52:17,DELETE,301,4338,0
192.168.1.240,2024-11-30 21:20:53,PUT,200,423,0
192.168.1.221,2024-11-30 08:30:38,DELETE,200,5587,0
10.0.0.118,2024-11-30 03:53:43,POST,200,2539,0
192.168.1.98,2024-11-30 11:56:28,OPTIONS,500,2676,1
10.0.0.11,2024-11-30 22:57:52,POST,200,9321,0
192.168.1.199,2024-11-30 10:14:52,GET,403,7469,0
10.0.0.215,2024-11-30 18:49:48,POST,200,5948,0
10.0.0.138,2024-11-30 11:23:35,GET,404,4314,1
10.0.0.1,2024-11-30 21:09:19,GET,200,1562,0
192.168.1.30,2024-11-30 21:50:09,GET,201,3226,0
10.0.0.5,2024-11-30 12:02:18,DELETE,200,4195,0
10.0.0.195,2024-11-30 17:28:43,GET,200,2283,0
192.168.1.66,2024-11-30 14:31:31,PUT,200,9318,0
10.0.0.92,2024-11-30 12:49:39,GET,200,1588,0
10.0.0.49,2024-11-30 09:09:02,DELETE,200,15572,0
192.168.1.198,2024-11-30 23:47:41,POST,403,1573,0
192.168.1.122,2024-11-30 11:43:46,DELETE,201,3835,0
10.0.0.225,2024-12-01 00:49:14,POST,200,3901,0
10.0.0.66,2024-11-30 23:24:55,OPTIONS,200,1222,0
10.0.0.224,2024-11-30 09:48:28,DELETE,200,2135,0
10.0.0.215,2024-11-30 16:10:26,POST,301,8335,0
10.0.0.100,2024-11-30 16:41:58,PUT,403,5887,1
10.0.0.200,2024-11-30 22:25:09,DELETE,500,6374,1
10.0.0.169,2024-11-30 07:06:17,POST,200,9104,0
192.168.1.149,2024-11-30 16:11:34,DELETE,200,2003,0
10.0.0.11,2024-11-30 17:01:47,DELETE,201,5593,0
192.168.1.46,2024-11-30 06:09:29,GET,403,1552,1
10.0.0.101,2024-11-30 18:57:58,DELETE,200,2356,1
10.0.0.137,2024-11-30 12:01:22,DELETE,200,9754,0
10.0.0.177,2024-11-30 07:48:48,DELETE,200,5709,0
192.168.1.249,2024-11-30 19:05:19,PUT,200,9382,0
10.0.0.101,2024-11-30 04:36:51,DELETE,200,2752,1
10.0.0.95,2024-11-30 21:02:25,OPTIONS,200,7631,0
10.0.0.196,2024-11-30 14:55:17,PUT,200,7465,0
10.0.0.221,2024-12-01 00:51:24,PUT,200,1513,0
192.168.1.101,2024-11-30 16:01:36,DELETE,404,1351,1
192.168.1.24,2024-11-30 17:36:31,POST,200,9966,0
192.168.1.58,2024-11-30 14:03:17,GET,500,8455,1
192.168.1.7,2024-11-30 20:43:14,POST,200,6465,0
10.0.0.129,2024-11-30 06:30:59,DELETE,403,2670,1
192.168.1.189,2024-11-30 20:04:16,OPTIONS,200,9092,0
192.168.1.217,2024-12-01 00:48:11,OPTIONS,200,1475,0
192.168.1.251,2024-11-30 09:32:35,POST,200,7531,0
10.0.0.101,2024-11-30 12:39:56,POST,200,4790,0
10.0.0.8,2024-11-30 13:21:21,PUT,200,4868,1
192.168.1.238,2024-11-30 18:48:21,PUT,200,2981,0
10.0.0.189,2024-11-30 20:18:37,OPTIONS,200,7258,0
192.168.1.29,2024-11-30 06:35:13,OPTIONS,200,1575,0
192.168.1.212,2024-11-30 16:39:38,GET,503,2038,1
10.0.0.23,2024-11-30 21:08:08,PUT,200,5563,0
10.0.0.249,2024-11-30 18:52:56,GET,201,3231,0
192.168.1.190,2024-11-30 08:18:29,PUT,200,2919,0
192.168.1.232,2024-11-30 05:37:40,DELETE,404,2397,0
10.0.0.73,2024-11-30 03:16:35,DELETE,404,5307,1
192.168.1.102,2024-11-30 13:13:32,GET,403,9420,1
10.0.0.15,2024-11-30 04:26:08,OPTIONS,200,1422,0
10.0.0.69,2024-11-30 09:25:44,DELETE,200,5071,0
10.0.0.228,2024-11-30 21:30:59,OPTIONS,301,18591,0
192.168.1.159,2024-12-01 00:24:34,POST,200,8055,0
192.168.1.95,2024-11-30 11:16:56,DELETE,200,9899,0
10.0.0.214,2024-11-30 16:12:10,PUT,200,5184,0
192.168.1.75,2024-11-30 02:25:24,POST,200,6521,0
192.168.1.133,2024-11-30 19:02:43,GET,301,9206,0
10.0.0.22,2024-11-30 02:37:40,DELETE,500,9614,1
10.0.0.25,2024-11-30 11:07:19,DELETE,200,4822,0
192.168.1.150,2024-11-30 15:14:12,OPTIONS,200,9387,0
192.168.1.246,2024-11-30 22:28:04,PUT,201,2613,0
10.0.0.189,2024-11-30 22:17:19,PUT,503,8628,1
192.168.1.151,2024-11-30 08:07:00,OPTIONS,200,4815,0
10.0.0.238,2024-11-30 10:38:57,PUT,301,8386,0
192.168.1.40,2024-11-30 09:11:52,PUT,200,3825,0
10.0.0.63,2024-11-30 13:15:28,GET,201,3652,0
192.168.1.198,2024-11-30 20:25:53,OPTIONS,200,9474,0
10.0.0.157,2024-11-30 18:11:41,PUT,404,154,1
192.168.1.64,2024-12-01 00:07:39,DELETE,200,8037,0
10.0.0.217,2024-11-30 12:01:50,POST,503,3882,1
192.168.1.165,2024-11-30 18:33:00,GET,500,3104,1
192.168.1.37,2024-11-30 22:29:26,OPTIONS,201,4592,0
10.0.0.72,2024-11-30 09:02:16,GET,201,468,0
10.0.0.140,2024-11-30 17:21:37,PUT,500,3898,1
10.0.0.34,2024-11-30 12:02:28,POST,301,9507,0
10.0.0.129,2024-11-30 02:14:59,POST,503,5191,0
192.168.1.26,2024-11-30 16:23:31,POST,200,7498,0
192.168.1.184,2024-11-30 07:45:24,POST,201,1424,0
192.168.1.105,2024-11-30 20:49:56,GET,200,8883,0
192.168.1.153,2024-11-30 14:56:30,OPTIONS,200,4490,0
10.0.0.79,2024-11-30 17:06:25,GET,403,8541,1
192.168.1.232,2024-11-30 04:07:00,DELETE,403,948,1
192.168.1.215,2024-11-30 03:37:51,GET,200,3417,0
10.0.0.252,2024-11-30 20:30:21,PUT,201,8808,1
192.168.1.45,2024-12-01 00:16:41,GET,200,9083,0
192.168.1.130,2024-11-30 02:00:29,DELETE,200,1985,0
192.168.1.25,2024-11-30 12:44:28,PUT,200,970,0
10.0.0.103,2024-11-30 03:34:18,DELETE,403,6204,1
192.168.1.181,2024-11-30 22:27:13,GET,404,6761,1
10.0.0.89,2024-11-30 21:45:15,DELETE,403,6930,0
10.0.0.238,2024-11-30 04:46:57,OPTIONS,301,4171,0
192.168.1.30,2024-11-30 22:04:03,POST,301,3659,0
10.0.0.246,2024-11-30 05:32:18,GET,200,9485,0
10.0.0.170,2024-11-30 11:23:18,GET,201,1766,0
10.0.0.28,2024-11-30 14:29:19,PUT,200,9236,0
10.0.0.142,2024-11-30 14:23:54,OPTIONS,301,19140,0
192.168.1.27,2024-11-30 02:13:26,POST,301,7403,0
10.0.0.73,2024-11-30 11:46:44,GET,201,3796,0
192.168.1.11,2024-12-01 01:31:04,OPTIONS,403,4544,1
10.0.0.170,2024-11-30 13:48:31,DELETE,503,6933,0
192.168.1.157,2024-11-30 18:14:20,PUT,200,1674,0
10.0.0.112,2024-11-30 03:09:13,PUT,404,6630,1
192.168.1.127,2024-11-30 04:34:04,GET,200,6141,0
192.168.1.36,2024-11-30 15:24:31,POST,200,3353,0
10.0.0.143,2024-11-30 06:48:53,GET,301,9419,0
10.0.0.248,2024-11-30 13:10:39,PUT,200,3609,0
192.168.1.183,2024-11-30 02:31:24,GET,200,9978,0
10.0.0.141,2024-11-30 20:49:46,DELETE,404,8020,1
192.168.1.222,2024-12-01 01:09:06,OPTIONS,200,179,0
192.168.1.184,2024-11-30 22:15:40,DELETE,403,4945,1
10.0.0.197,2024-11-30 12:28:50,PUT,301,5048,0
192.168.1.254,2024-11-30 06:35:18,POST,200,3512,0
192.168.1.47,2024-11-30 21:40:01,DELETE,200,420,0
192.168.1.59,2024-11-30 22:01:32,OPTIONS,200,2769,0
192.168.1.130,2024-11-30 02:09:23,OPTIONS,200,6037,0
192.168.1.54,2024-11-30 21:03:24,OPTIONS,200,1539,0
192.168.1.40,2024-11-30 06:56:47,OPTIONS,200,3056,0
10.0.0.32,2024-11-30 23:37:44,POST,200,3831,0
10.0.0.114,2024-11-30 09:01:31,OPTIONS,200,2739,0
10.0.0.136,2024-11-30 14:53:25,OPTIONS,200,3277,0
192.168.1.224,2024-11-30 10:55:33,DELETE,201,415,0
192.168.1.160,2024-11-30 19:57:29,DELETE,301,7787,0
10.0.0.53,2024-11-30 07:26:48,OPTIONS,301,7685,0
10.0.0.55,2024-11-30 09:21:41,OPTIONS,404,4279,1
10.0.0.130,2024-11-30 09:11:00,DELETE,404,7259,1
10.0.0.1,2024-11-30 08:28:50,GET,301,6992,0
10.0.0.213,2024-11-30 08:45:56,PUT,404,5176,1
192.168.1.82,2024-11-30 10:13:10,OPTIONS,403,6618,1
10.0.0.221,2024-11-30 09:32:03,OPTIONS,201,3389,0
10.0.0.157,2024-11-30 09:48:10,OPTIONS,200,659,0
192.168.1.149,2024-11-30 13:02:09,PUT,301,4521,0
192.168.1.229,2024-11-30 15:24:49,OPTIONS,200,6571,0
10.0.0.166,2024-11-30 10:51:08,DELETE,201,6531,0
10.0.0.153,2024-11-30 08:40:19,OPTIONS,200,6554,0
10.0.0.153,2024-12-01 00:12:44,OPTIONS,201,3793,0
192.168.1.224,2024-11-30 21:10:58,DELETE,200,5372,0
10.0.0.85,2024-11-30 20:40:48,POST,403,9168,1
10.0.0.218,2024-11-30 05:49:13,GET,201,7472,0
192.168.1.222,2024-11-30 23:54:40,PUT,200,9990,0
192.168.1.115,2024-11-30 19:11:12,DELETE,200,398,0
192.168.1.107,2024-11-30 21:51:50,PUT,200,899,0
192.168.1.215,2024-11-30 05:04:12,GET,200,5215,0
192.168.1.145,2024-11-30 10:47:43,POST,404,1346,1
10.0.0.186,2024-11-30 12:07:29,PUT,201,272,1
10.0.0.204,2024-11-30 22:23:33,PUT,404,9022,1
10.0.0.7,2024-11-30 05:15:45,DELETE,200,7116,0
10.0.0.164,2024-11-30 13:13:49,POST,404,2492,1
192.168.1.238,2024-11-30 19:33:34,POST,200,8255,0
10.0.0.74,2024-11-30 11:24:12,PUT,200,1313,0
192.168.1.164,2024-11-30 06:42:15,OPTIONS,503,5530,1
192.168.1.118,2024-11-30 12:55:13,DELETE,404,2206,0
10.0.0.12,2024-11-30 03:43:42,GET,301,6977,0
10.0.0.159,2024-11-30 13:52:17,OPTIONS,301,3539,0
10.0.0.44,2024-12-01 00:20:17,GET,500,8457,0
10.0.0.127,2024-11-30 11:24:14,PUT,200,7039,0
192.168.1.235,2024-11-30 11:00:24,GET,301,8490,0
10.0.0.86,2024-11-30 05:09:59,DELETE,301,3410,0
192.168.1.8,2024-11-30 09:51:24,DELETE,503,9961,0
192.168.1.98,2024-11-30 17:43:29,PUT,201,7132,0
10.0.0.181,2024-11-30 19:34:02,POST,201,2540,0
10.0.0.62,2024-11-30 09:16:23,POST,200,9337,0
10.0.0.119,2024-11-30 03:37:36,GET,200,3263,0
10.0.0.183,2024-11-30 16:14:30,PUT,404,8502,0
10.0.0.131,2024-11-30 04:10:07,OPTIONS,403,4309,1
10.0.0.140,2024-12-01 00:17:07,DELETE,200,9206,0
10.0.0.92,2024-11-30 10:19:31,POST,404,7673,1
10.0.0.19,2024-12-01 01:22:00,GET,503,153,1
192.168.1.228,2024-11-30 10:17:58,POST,404,4035,0
10.0.0.244,2024-11-30 19:35:05,POST,200,5051,0
192.168.1.250,2024-11-30 13:08:29,POST,201,7499,0
192.168.1.30,2024-11-30 02:20:28,GET,201,4092,0
192.168.1.43,2024-11-30 11:22:05,DELETE,200,6557,0
10.0.0.38,2024-11-30 18:13:29,POST,200,9867,0
10.0.0.195,2024-11-30 09:34:32,POST,201,7982,0
10.0.0.200,2024-11-30 13:52:26,GET,301,1884,0
10.0.0.77,2024-11-30 09:58:59,DELETE,503,2818,1
10.0.0.165,2024-11-30 02:07:36,PUT,404,15208,1
10.0.0.1,2024-11-30 16:42:22,OPTIONS,200,2137,0
192.168.1.27,2024-11-30 23:20:01,GET,201,8575,0
10.0.0.100,2024-11-30 14:42:04,POST,200,6257,0
192.168.1.174,2024-11-30 15:31:17,OPTIONS,200,8156,0
10.0.0.156,2024-11-30 15:51:36,DELETE,200,9605,0
192.168.1.108,2024-11-30 04:44:01,GET,200,7353,0
10.0.0.199,2024-11-30 06:12:01,DELETE,301,4485,0
192.168.1.105,2024-11-30 14:31:05,GET,200,9629,0
192.168.1.110,2024-11-30 06:29:41,POST,200,7116,0
192.168.1.123,2024-11-30 22:39:49,PUT,301,8805,0
192.168.1.164,2024-11-30 11:21:44,PUT,403,1074,1
10.0.0.58,2024-11-30 10:00:36,GET,503,1334,1
10.0.0.57,2024-11-30 18:14:41,OPTIONS,201,3272,0
10.0.0.125,2024-11-30 06:11:06,DELETE,200,8886,0
10.0.0.34,2024-11-30 17:24:45,POST,200,523,0
10.0.0.85,2024-11-30 23:29:37,POST,200,5116,0
192.168.1.244,2024-11-30 23:21:50,PUT,200,7566,0
192.168.1.39,2024-11-30 15:48:11,POST,403,18333,1
10.0.0.217,2024-11-30 09:48:54,POST,404,9748,1
192.168.1.189,2024-11-30 21:47:12,POST,403,7320,1
192.168.1.236,2024-11-30 03:59:14,OPTIONS,404,3426,1
192.168.1.49,2024-11-30 07:16:30,GET,500,5903,1
192.168.1.43,2024-11-30 09:31:30,POST,200,9586,0
10.0.0.27,2024-11-30 23:47:42,POST,404,2946,1
192.168.1.221,2024-12-01 00:57:18,GET,403,5981,1
10.0.0.150,2024-11-30 02:12:26,OPTIONS,403,3734,1
10.0.0.39,2024-11-30 03:53:39,POST,200,2371,0
10.0.0.81,2024-11-30 03:05:31,DELETE,503,1706,1
10.0.0.185,2024-12-01 00:09:13,PUT,403,3060,1
10.0.0.99,2024-11-30 13:45:24,POST,200,1560,0
192.168.1.28,2024-11-30 09:48:45,DELETE,200,1976,0
10.0.0.245,2024-11-30 09:32:29,PUT,200,4577,0
10.0.0.196,2024-11-30 16:25:17,POST,200,8313,0
10.0.0.146,2024-11-30 21:16:04,OPTIONS,200,8685,0
10.0.0.254,2024-11-30 21:41:45,POST,200,395,0
192.168.1.26,2024-11-30 23:27:25,OPTIONS,200,6798,0
192.168.1.190,2024-11-30 03:40:35,DELETE,200,5957,0
192.168.1.194,2024-11-30 03:46:35,PUT,404,6774,1
10.0.0.115,2024-11-30 18:07:40,PUT,200,3575,0
192.168.1.85,2024-11-30 18:54:20,DELETE,500,2716,1
10.0.0.15,2024-11-30 01:47:51,PUT,301,2978,0
10.0.0.162,2024-11-30 12:50:26,DELETE,200,8320,0
10.0.0.61,2024-11-30 17:59:39,GET,301,6368,0
192.168.1.20,2024-11-30 21:34:18,POST,200,9456,0
192.168.1.212,2024-11-30 21:23:07,OPTIONS,301,3669,0
10.0.0.180,2024-11-30 11:33:42,POST,200,2985,0
192.168.1.52,2024-12-01 01:20:02,DELETE,200,3624,0
10.0.0.85,2024-11-30 17:19:38,OPTIONS,404,8970,1
192.168.1.237,2024-11-30 19:33:41,POST,200,464,0
192.168.1.36,2024-11-30 20:56:35,PUT,503,2681,0
10.0.0.54,2024-11-30 20:51:56,GET,200,7574,0
10.0.0.27,2024-11-30 20:22:21,POST,201,5691,0
10.0.0.156,2024-11-30 21:02:02,PUT,403,9600,1
10.0.0.254,2024-12-01 01:01:20,DELETE,200,778,0
192.168.1.173,2024-11-30 16:24:31,DELETE,201,7216,0
192.168.1.170,2024-12-01 00:39:56,GET,503,8557,1
10.0.0.188,2024-11-30 09:34:49,POST,200,9177,1
192.168.1.76,2024-11-30 05:12:29,DELETE,200,2817,0
192.168.1.137,2024-11-30 05:49:45,POST,404,8888,1
192.168.1.64,2024-11-30 16:42:18,DELETE,404,3172,0
192.168.1.217,2024-11-30 03:48:44,DELETE,404,2097,0
192.168.1.226,2024-11-30 13:51:20,GET,200,7745,0
10.0.0.79,2024-11-30 08:07:45,GET,200,9241,0
10.0.0.20,2024-11-30 06:52:17,DELETE,404,8995,1
10.0.0.101,2024-11-30 15:57:55,OPTIONS,200,5338,0
192.168.1.236,2024-11-30 20:08:45,DELETE,503,6433,1
192.168.1.182,2024-11-30 10:08:27,PUT,503,4292,1
10.0.0.148,2024-11-30 20:48:36,PUT,404,9461,1
10.0.0.69,2024-11-30 08:14:53,DELETE,403,4815,0
192.168.1.186,2024-11-30 15:26:01,GET,200,5823,0
192.168.1.124,2024-11-30 07:57:23,POST,500,5473,1
10.0.0.228,2024-11-30 13:55:48,OPTIONS,200,3161,0
192.168.1.43,2024-11-30 15:46:54,POST,200,5976,0
192.168.1.73,2024-11-30 21:58:25,DELETE,301,9073,0
192.168.1.245,2024-11-30 21:48:18,GET,301,4411,0
10.0.0.103,2024-11-30 03:25:51,OPTIONS,200,1714,0
192.168.1.220,2024-11-30 20:29:01,GET,201,3654,0
10.0.0.125,2024-11-30 03:44:59,DELETE,200,7945,0
10.0.0.28,2024-11-30 17:14:15,DELETE,200,6123,0
10.0.0.57,2024-11-30 19:37:52,POST,200,16870,0
192.168.1.71,2024-11-30 15:12:12,DELETE,200,9414,0
192.168.1.163,2024-11-30 04:47:39,GET,200,3920,0
10.0.0.106,2024-11-30 11:11:17,GET,201,6276,0
192.168.1.138,2024-11-30 14:24:30,GET,201,5900,0
192.168.1.125,2024-11-30 10:13:52,DELETE,301,8973,0
10.0.0.57,2024-11-30 07:12:14,DELETE,200,5338,0
10.0.0.222,2024-11-30 20:25:16,POST,301,1662,0
10.0.0.96,2024-11-30 02:51:03,DELETE,500,5552,0
10.0.0.173,2024-11-30 23:47:10,POST,404,7403,1
192.168.1.162,2024-11-30 09:22:33,DELETE,201,2929,0
192.168.1.14,2024-11-30 22:56:29,POST,301,7959,1
192.168.1.135,2024-11-30 23:57:19,DELETE,200,14850,0
192.168.1.80,2024-11-30 18:05:43,PUT,500,2635,1
192.168.1.29,2024-11-30 23:05:03,PUT,200,649,0
10.0.0.23,2024-11-30 19:44:59,POST,301,5447,0
10.0.0.188,2024-11-30 10:03:23,OPTIONS,200,6688,0
10.0.0.136,2024-11-30 08:12:11,PUT,301,2836,0
192.168.1.62,2024-11-30 08:55:21,PUT,200,5648,0
10.0.0.199,2024-11-30 10:15:28,PUT,200,4260,0
10.0.0.28,2024-11-30 15:29:31,PUT,200,6351,0
192.168.1.78,2024-11-30 08:12:48,GET,404,2659,1
192.168.1.42,2024-11-30 11:43:47,PUT,200,2778,0
192.168.1.129,2024-11-30 22:49:03,GET,200,6612,0
192.168.1.71,2024-11-30 11:01:43,GET,200,7622,0
192.168.1.2,2024-11-30 07:33:56,PUT,301,3676,0
10.0.0.18,2024-11-30 04:59:09,PUT,404,5643,1
10.0.0.72,2024-11-30 15:43:28,PUT,200,9883,0
192.168.1.72,2024-11-30 08:50:20,OPTIONS,403,6192,1
10.0.0.230,2024-11-30 04:58:47,DELETE,200,2331,0
10.0.0.9,2024-11-30 03:15:55,DELETE,301,3837,0
192.168.1.132,2024-11-30 04:55:08,GET,200,3600,0
192.168.1.32,2024-11-30 21:34:10,OPTIONS,503,9114,1
10.0.0.162,2024-11-30 07:56:10,DELETE,200,4506,0
192.168.1.239,2024-11-30 14:00:18,GET,200,3887,0
192.168.1.25,2024-11-30 17:54:16,PUT,404,3716,1
10.0.0.84,2024-11-30 11:54:21,OPTIONS,200,3210,0
192.168.1.87,2024-11-30 09:35:03,GET,201,8235,0
10.0.0.75,2024-11-30 12:13:01,OPTIONS,301,9123,0
10.0.0.158,2024-11-30 12:25:35,PUT,200,9591,0
10.0.0.180,2024-11-30 13:59:57,GET,201,844,0
10.0.0.156,2024-11-30 13:50:27,OPTIONS,404,7617,1
10.0.0.108,2024-11-30 21:28:25,PUT,500,1935,0
10.0.0.159,2024-11-30 12:26:38,DELETE,200,1282,0
192.168.1.88,2024-11-30 11:44:59,DELETE,200,7945,0
10.0.0.214,2024-11-30 03:55:48,DELETE,200,5254,0
10.0.0.141,2024-11-30 14:32:40,OPTIONS,200,1036,0
10.0.0.92,2024-12-01 01:05:49,POST,200,4353,1
10.0.0.145,2024-11-30 14:11:11,PUT,200,109,0
192.168.1.106,2024-11-30 03:27:42,POST,500,5991,0
192.168.1.60,2024-12-01 00:57:34,POST,200,8613,0
192.168.1.163,2024-11-30 02:29:30,GET,200,4264,0
10.0.0.181,2024-11-30 03:57:32,POST,200,9634,0
10.0.0.120,2024-11-30 14:11:57,PUT,503,433,1
10.0.0.69,2024-11-30 09:16:33,OPTIONS,200,1767,0
192.168.1.249,2024-11-30 18:26:56,OPTIONS,201,1802,0
10.0.0.244,2024-11-30 16:40:51,PUT,200,1004,0
192.168.1.103,2024-11-30 16:20:49,GET,200,6208,0
192.168.1.222,2024-11-30 01:47:12,PUT,200,257,0
10.0.0.253,2024-11-30 13:53:30,GET,201,382,0
192.168.1.108,2024-11-30 04:21:16,DELETE,200,6452,0
192.168.1.251,2024-11-30 05:46:15,OPTIONS,200,4092,0
10.0.0.53,2024-11-30 11:32:57,POST,404,7578,1
192.168.1.21,2024-11-30 10:49:27,POST,201,9070,0
10.0.0.152,2024-11-30 04:53:44,DELETE,403,6401,1
10.0.0.122,2024-11-30 07:40:34,POST,200,4797,0
192.168.1.114,2024-11-30 02:55:35,DELETE,201,6615,0
192.168.1.13,2024-11-30 14:57:35,OPTIONS,301,3528,0
10.0.0.38,2024-11-30 06:37:27,OPTIONS,500,6777,1
10.0.0.148,2024-11-30 20:22:00,DELETE,200,3053,0
192.168.1.159,2024-11-30 19:42:13,DELETE,200,15828,1
10.0.0.161,2024-11-30 08:47:19,OPTIONS,200,4819,0
192.168.1.191,2024-12-01 01:29:25,DELETE,403,6340,1
192.168.1.189,2024-11-30 07:36:14,POST,200,9760,0
192.168.1.33,2024-11-30 12:46:23,POST,500,7418,1
192.168.1.94,2024-11-30 09:08:33,GET,200,1424,0
192.168.1.85,2024-11-30 13:33:13,GET,503,5360,1
192.168.1.192,2024-11-30 20:00:10,OPTIONS,200,8114,0
192.168.1.65,2024-11-30 12:49:20,DELETE,200,9965,0
10.0.0.2,2024-11-30 18:46:50,DELETE,200,8479,0
10.0.0.230,2024-11-30 12:12:07,OPTIONS,200,8784,0
10.0.0.194,2024-11-30 03:17:07,OPTIONS,201,9559,0
192.168.1.85,2024-11-30 13:53:35,DELETE,201,7399,0
10.0.0.208,2024-11-30 02:23:38,POST,200,7445,0
192.168.1.136,2024-11-30 13:04:52,POST,301,770,0
192.168.1.199,2024-11-30 01:57:08,PUT,404,9978,1
10.0.0.11,2024-11-30 22:35:35,GET,500,13278,1
192.168.1.32,2024-12-01 01:06:26,POST,200,6987,0
192.168.1.191,2024-11-30 07:04:53,POST,200,1553,0
10.0.0.13,2024-11-30 15:22:36,POST,200,8123,0
10.0.0.3,2024-11-30 04:05:56,DELETE,200,9594,0
10.0.0.153,2024-12-01 01:08:35,PUT,403,9731,1
10.0.0.148,2024-11-30 04:46:01,POST,403,7837,1
192.168.1.30,2024-11-30 11:20:26,PUT,200,275,0
10.0.0.7,2024-11-30 22:45:58,PUT,404,3898,1
10.0.0.214,2024-11-30 14:46:11,POST,500,6220,1
192.168.1.170,2024-11-30 20:12:01,GET,201,6868,0
10.0.0.205,2024-11-30 16:15:26,DELETE,301,11761,0
10.0.0.192,2024-11-30 09:13:11,DELETE,503,8727,1
10.0.0.101,2024-11-30 10:39:59,OPTIONS,200,4242,0
10.0.0.111,2024-11-30 16:37:15,PUT,200,5714,0
192.168.1.48,2024-11-30 09:40:49,OPTIONS,503,4392,1
192.168.1.73,2024-11-30 14:58:40,GET,500,5838,1
10.0.0.203,2024-11-30 21:27:10,PUT,500,771,1
192.168.1.137,2024-11-30 19:35:40,POST,301,4603,1
192.168.1.195,2024-11-30 02:36:07,PUT,200,8808,0
192.168.1.229,2024-12-01 00:01:27,POST,503,7739,1
192.168.1.32,2024-11-30 06:03:29,GET,503,8149,1
10.0.0.30,2024-11-30 08:56:58,DELETE,200,9794,0
10.0.0.32,2024-11-30 20:08:59,PUT,201,5923,0
192.168.1.93,2024-11-30 16:44:39,POST,503,4316,1
10.0.0.112,2024-11-30 05:09:15,GET,404,554,1
10.0.0.210,2024-11-30 14:28:51,POST,301,1700,0
10.0.0.99,2024-11-30 08:40:43,DELETE,200,7349,0
10.0.0.81,2024-11-30 03:40:59,GET,503,6453,0
10.0.0.78,2024-11-30 19:30:54,POST,301,9712,0
10.0.0.132,2024-11-30 14:38:45,OPTIONS,200,9775,0
192.168.1.27,2024-11-30 15:01:09,PUT,301,283,0
192.168.1.120,2024-11-30 07:59:21,PUT,200,7670,0
192.168.1.47,2024-11-30 22:56:39,POST,200,1265,0
10.0.0.63,2024-11-30 11:02:34,OPTIONS,403,11413,1
192.168.1.5,2024-11-30 09:35:39,PUT,403,3771,0
10.0.0.228,2024-11-30 07:29:12,GET,200,5925,0
192.168.1.228,2024-11-30 15:53:17,PUT,200,1461,0
192.168.1.84,2024-11-30 02:50:26,DELETE,201,5648,0
192.168.1.21,2024-11-30 11:58:35,GET,200,6759,0
192.168.1.83,2024-11-30 20:17:06,GET,500,6006,1
192.168.1.12,2024-11-30 05:01:52,DELETE,200,4814,0
192.168.1.65,2024-11-30 04:59:07,DELETE,200,156,0
192.168.1.160,2024-12-01 01:00:51,GET,301,4823,1
192.168.1.131,2024-11-30 05:29:50,POST,403,1670,0
10.0.0.177,2024-11-30 16:48:09,PUT,403,3995,0
10.0.0.78,2024-11-30 08:12:23,GET,403,6765,1
10.0.0.177,2024-11-30 04:12:26,DELETE,200,9621,0
10.0.0.213,2024-11-30 08:42:04,GET,201,2896,0
10.0.0.150,2024-12-01 01:19:54,GET,201,1667,0
192.168.1.77,2024-11-30 14:32:38,GET,200,8409,0
10.0.0.89,2024-11-30 12:03:24,DELETE,301,1885,1
192.168.1.99,2024-11-30 04:04:56,DELETE,200,1818,0
10.0.0.1,2024-11-30 20:57:00,DELETE,200,6223,0
192.168.1.87,2024-11-30 06:26:52,GET,200,9753,0
10.0.0.148,2024-11-30 22:50:21,OPTIONS,403,2867,1
192.168.1.250,2024-11-30 20:32:51,OPTIONS,201,8554,0
10.0.0.165,2024-11-30 22:23:31,POST,200,6405,0
10.0.0.158,2024-11-30 09:51:30,DELETE,200,9607,0
192.168.1.125,2024-11-30 23:07:16,OPTIONS,403,9036,1
192.168.1.156,2024-11-30 11:27:02,PUT,301,3957,0
192.168.1.130,2024-11-30 21:40:50,DELETE,200,1756,0
192.168.1.31,2024-11-30 12:51:46,DELETE,200,4449,0
192.168.1.91,2024-11-30 15:41:28,POST,500,2985,1
10.0.0.214,2024-11-30 14:28:26,GET,200,6658,0
10.0.0.76,2024-11-30 05:38:35,POST,200,9061,0
10.0.0.198,2024-11-30 10:20:49,POST,200,2291,0
192.168.1.43,2024-11-30 19:40:01,OPTIONS,200,2626,0
192.168.1.99,2024-11-30 07:54:26,GET,200,9434,1
10.0.0.212,2024-11-30 17:22:01,POST,200,6896,0
192.168.1.89,2024-11-30 02:57:09,DELETE,403,2532,1
10.0.0.14,2024-11-30 21:10:00,POST,200,6932,0
10.0.0.118,2024-11-30 20:01:15,POST,201,673,0
192.168.1.189,2024-11-30 17:27:05,DELETE,200,926,0
10.0.0.8,2024-11-30 03:05:44,PUT,200,1643,0
10.0.0.154,2024-11-30 08:41:08,OPTIONS,200,4550,0
192.168.1.132,2024-11-30 19:32:37,OPTIONS,301,9410,0
10.0.0.156,2024-11-30 10:26:28,OPTIONS,200,9101,0
10.0.0.245,2024-11-30 09:19:03,POST,200,1391,0
10.0.0.202,2024-11-30 05:47:47,OPTIONS,200,213,0
192.168.1.216,2024-11-30 03:41:10,PUT,403,7258,1
10.0.0.252,2024-11-30 10:59:00,OPTIONS,200,9839,0
192.168.1.202,2024-11-30 20:31:37,DELETE,200,8755,0
192.168.1.105,2024-11-30 10:22:22,GET,403,1807,1
192.168.1.48,2024-11-30 06:14:04,PUT,200,763,0
192.168.1.162,2024-11-30 12:57:01,DELETE,200,5058,0
192.168.1.13,2024-11-30 06:49:32,DELETE,200,414,0
10.0.0.140,2024-11-30 23:13:38,PUT,200,4962,0
192.168.1.226,2024-11-30 03:03:57,PUT,200,8460,0
192.168.1.194,2024-11-30 03:44:08,OPTIONS,201,6589,0
192.168.1.51,2024-11-30 23:39:23,DELETE,200,6528,1
192.168.1.160,2024-11-30 21:42:04,DELETE,200,4834,0
10.0.0.56,2024-11-30 22:59:53,PUT,200,993,0
10.0.0.53,2024-11-30 06:25:15,POST,200,9097,0
10.0.0.81,2024-12-01 00:04:20,POST,403,8387,1
10.0.0.225,2024-11-30 03:37:20,PUT,404,7149,0
192.168.1.71,2024-11-30 08:02:51,DELETE,301,1788,0
192.168.1.182,2024-11-30 17:14:48,GET,200,2187,0
10.0.0.222,2024-11-30 15:24:54,POST,200,4814,0
10.0.0.56,2024-11-30 21:26:00,POST,301,3094,0
10.0.0.211,2024-11-30 19:03:52,POST,403,1776,1
10.0.0.163,2024-11-30 13:35:22,DELETE,301,6895,1
10.0.0.147,2024-11-30 09:18:32,DELETE,503,9791,1
10.0.0.198,2024-11-30 04:08:20,GET,500,4137,1
10.0.0.205,2024-11-30 19:18:10,OPTIONS,200,1080,0
10.0.0.40,2024-11-30 11:30:55,OPTIONS,200,3681,0
192.168.1.104,2024-11-30 12:03:30,DELETE,403,3854,1
192.168.1.82,2024-11-30 02:58:43,GET,500,7454,1
10.0.0.9,2024-11-30 05:26:41,POST,200,7493,0
10.0.0.167,2024-11-30 21:44:22,GET,200,8244,0
10.0.0.103,2024-11-30 09:02:27,OPTIONS,404,9456,1
192.168.1.147,2024-11-30 14:29:56,PUT,200,102,0
192.168.1.255,2024-11-30 17:52:06,POST,200,7587,0
10.0.0.60,2024-11-30 06:14:04,PUT,403,7556,0
10.0.0.45,2024-11-30 20:53:03,GET,200,7771,1
192.168.1.133,2024-11-30 21:48:09,POST,200,4388,0
192.168.1.101,2024-11-30 07:21:39,PUT,200,11185,0
10.0.0.194,2024-11-30 05:34:50,GET,201,2453,0
192.168.1.82,2024-11-30 10:15:36,GET,503,8350,1
192.168.1.127,2024-11-30 16:21:59,PUT,404,7139,0
10.0.0.208,2024-11-30 23:49:24,DELETE,404,3407,1
192.168.1.82,2024-11-30 04:44:24,OPTIONS,200,1761,0
10.0.0.129,2024-11-30 02:21:08,POST,200,3166,0
10.0.0.69,2024-11-30 16:32:42,POST,403,1973,1
10.0.0.164,2024-11-30 08:09:48,OPTIONS,200,8255,0
192.168.1.98,2024-11-30 08:52:56,POST,200,2007,0
10.0.0.247,2024-11-30 20:08:45,POST,200,3686,0
192.168.1.50,2024-11-30 15:13:05,PUT,200,4071,0
10.0.0.240,2024-11-30 08:28:09,DELETE,200,8943,0
10.0.0.160,2024-11-30 10:04:39,PUT,404,4756,0
10.0.0.193,2024-11-30 13:05:25,POST,404,8428,1
192.168.1.92,2024-11-30 03:05:39,POST,200,365,0
192.168.1.144,2024-11-30 13:10:34,OPTIONS,200,3242,0
192.168.1.6,2024-11-30 04:16:14,GET,503,3941,1
10.0.0.238,2024-11-30 04:59:09,OPTIONS,500,679,0
192.168.1.30,2024-11-30 15:13:25,DELETE,200,4481,1
192.168.1.94,2024-11-30 14:30:00,OPTIONS,200,3229,0
192.168.1.93,2024-11-30 15:02:14,DELETE,200,3587,0
10.0.0.214,2024-12-01 00:31:45,GET,301,8025,0
192.168.1.96,2024-12-01 01:11:56,PUT,200,16429,0
10.0.0.239,2024-11-30 21:04:07,OPTIONS,404,1159,1
192.168.1.218,2024-12-01 00:59:13,PUT,404,7731,1
10.0.0.9,2024-11-30 04:14:51,DELETE,403,9534,1
10.0.0.26,2024-11-30 10:57:29,POST,200,7870,0
192.168.1.226,2024-11-30 22:25:38,OPTIONS,404,5241,1
10.0.0.158,2024-11-30 06:57:34,POST,200,2746,0
192.168.1.175,2024-11-30 18:57:44,POST,500,6697,1
192.168.1.184,2024-11-30 22:16:31,POST,200,8242,0
10.0.0.197,2024-11-30 05:53:07,PUT,404,7634,1
192.168.1.158,2024-11-30 02:18:01,PUT,404,1906,1
10.0.0.179,2024-11-30 21:38:55,GET,201,6537,0
10.0.0.156,2024-11-30 14:13:46,DELETE,200,1890,0
10.0.0.33,2024-11-30 09:44:13,OPTIONS,200,19784,0
192.168.1.206,2024-11-30 09:28:15,GET,503,2645,1
192.168.1.49,2024-11-30 13:55:55,DELETE,503,9863,1
192.168.1.164,2024-11-30 17:48:46,GET,500,968,1
192.168.1.129,2024-11-30 07:47:37,POST,404,8502,1
10.0.0.70,2024-12-01 00:34:20,OPTIONS,301,9006,0
10.0.0.221,2024-11-30 21:39:15,PUT,201,5390,0
10.0.0.43,2024-11-30 04:38:23,DELETE,200,4470,0
10.0.0.206,2024-11-30 18:17:56,DELETE,404,3329,1
192.168.1.43,2024-11-30 05:43:30,PUT,301,1360,0
10.0.0.44,2024-11-30 02:35:16,PUT,200,7763,0
10.0.0.118,2024-11-30 07:09:35,POST,200,7336,0
192.168.1.219,2024-11-30 15:54:14,PUT,404,4985,1
10.0.0.114,2024-12-01 00:55:57,PUT,500,1679,1
192.168.1.33,2024-11-30 02:09:17,POST,200,3352,1
192.168.1.29,2024-11-30 20:34:12,OPTIONS,200,959,0
10.0.0.249,2024-11-30 21:15:39,GET,403,2215,1
192.168.1.166,2024-11-30 22:26:44,OPTIONS,301,6037,0
192.168.1.216,2024-12-01 01:27:40,DELETE,404,1528,1
192.168.1.147,2024-11-30 12:35:47,POST,200,6980,0
10.0.0.21,2024-11-30 23:15:55,PUT,201,9540,0
10.0.0.238,2024-11-30 15:44:22,OPTIONS,200,6593,0
192.168.1.85,2024-11-30 18:48:12,PUT,200,7716,1
192.168.1.237,2024-11-30 18:55:52,PUT,201,4268,0
10.0.0.206,2024-11-30 12:18:57,OPTIONS,200,3680,0
192.168.1.195,2024-11-30 05:25:39,POST,200,8368,0
10.0.0.165,2024-11-30 21:22:34,DELETE,200,1953,0
10.0.0.106,2024-11-30 10:06:42,GET,503,6314,1
10.0.0.250,2024-11-30 15:32:30,POST,500,8653,0
192.168.1.5,2024-11-30 14:29:06,POST,503,4928,1
10.0.0.246,2024-11-30 01:54:17,PUT,404,13750,1
10.0.0.187,2024-11-30 21:34:52,OPTIONS,301,15759,0
192.168.1.47,2024-11-30 08:07:23,DELETE,200,230,0
192.168.1.197,2024-11-30 18:51:42,POST,301,7414,0
10.0.0.147,2024-11-30 23:06:41,OPTIONS,403,744,0
10.0.0.74,2024-11-30 05:40:52,PUT,200,3898,0
192.168.1.187,2024-11-30 08:48:20,PUT,500,7240,1
10.0.0.70,2024-11-30 22:08:23,POST,201,5722,0
10.0.0.46,2024-11-30 02:18:26,PUT,200,1446,0
10.0.0.133,2024-11-30 21:54:55,DELETE,200,8439,0
10.0.0.23,2024-11-30 14:20:59,OPTIONS,404,2782,1
192.168.1.130,2024-11-30 18:40:46,GET,301,2505,0
10.0.0.97,2024-11-30 08:57:26,OPTIONS,503,470,1
192.168.1.180,2024-11-30 09:39:49,DELETE,200,4248,0
192.168.1.171,2024-11-30 21:09:10,POST,200,9250,0
192.168.1.148,2024-11-30 18:33:45,POST,200,8132,0
10.0.0.66,2024-12-01 00:12:06,OPTIONS,200,4171,0
192.168.1.114,2024-11-30 13:26:51,PUT,200,7580,0
10.0.0.238,2024-11-30 13:41:15,DELETE,200,9791,0
192.168.1.70,2024-11-30 12:35:59,OPTIONS,404,2361,1
10.0.0.61,2024-11-30 05:10:10,OPTIONS,200,3037,0
192.168.1.194,2024-11-30 05:35:03,OPTIONS,200,251,0
10.0.0.78,2024-11-30 21:16:20,OPTIONS,200,693,1
192.168.1.77,2024-12-01 00:23:05,POST,404,13910,1
10.0.0.33,2024-11-30 22:09:29,GET,403,6780,1
192.168.1.71,2024-11-30 15:26:56,PUT,200,3550,1
192.168.1.51,2024-11-30 22:56:42,DELETE,200,3075,0
10.0.0.13,2024-11-30 17:51:11,OPTIONS,201,7316,0
192.168.1.207,2024-11-30 12:36:47,POST,200,9162,0
10.0.0.124,2024-11-30 05:03:01,PUT,201,7564,0
10.0.0.191,2024-11-30 03:41:46,OPTIONS,404,6218,1
10.0.0.104,2024-11-30 15:11:14,OPTIONS,500,187,1
10.0.0.210,2024-11-30 18:51:50,GET,201,2905,0
192.168.1.250,2024-11-30 17:31:12,POST,404,9635,1
10.0.0.94,2024-11-30 06:30:45,DELETE,503,1520,1
192.168.1.85,2024-11-30 22:44:58,GET,301,4805,0
10.0.0.28,2024-11-30 16:23:10,GET,201,5708,0
10.0.0.255,2024-11-30 20:04:44,OPTIONS,201,9727,0
192.168.1.76,2024-11-30 22:06:58,GET,503,4969,1
192.168.1.129,2024-11-30 22:08:46,PUT,301,705,0
192.168.1.36,2024-11-30 22:35:34,PUT,200,7979,0
192.168.1.232,2024-11-30 11:20:40,POST,500,5646,1
192.168.1.64,2024-11-30 23:45:03,DELETE,200,3310,0
192.168.1.232,2024-11-30 08:37:43,OPTIONS,200,5091,0
10.0.0.183,2024-11-30 13:24:36,PUT,200,15295,0
10.0.0.104,2024-11-30 04:54:54,POST,200,2448,0
10.0.0.12,2024-12-01 01:02:06,PUT,200,1876,0
10.0.0.117,2024-11-30 13:31:04,GET,200,7501,0
10.0.0.84,2024-11-30 01:45:11,PUT,200,8005,0
192.168.1.174,2024-11-30 23:56:29,PUT,200,16846,0
10.0.0.44,2024-11-30 17:59:37,GET,200,3162,0
10.0.0.228,2024-11-30 04:08:43,GET,201,9242,0
10.0.0.19,2024-11-30 08:31:22,DELETE,200,2696,0
192.168.1.72,2024-11-30 22:49:13,OPTIONS,200,8666,0
192.168.1.37,2024-11-30 19:58:51,GET,200,4570,0
10.0.0.113,2024-11-30 04:15:41,PUT,403,9831,0
10.0.0.45,2024-11-30 06:34:27,POST,200,4789,0
10.0.0.110,2024-11-30 12:36:27,PUT,200,4708,0
192.168.1.99,2024-11-30 21:56:05,POST,500,5424,1
10.0.0.71,2024-11-30 12:36:35,POST,200,3919,0
192.168.1.103,2024-11-30 11:08:39,OPTIONS,301,9457,0
10.0.0.98,2024-11-30 07:27:23,GET,404,9878,1
10.0.0.193,2024-12-01 00:11:07,DELETE,403,8737,1
192.168.1.193,2024-11-30 08:07:59,DELETE,200,3731,0
10.0.0.143,2024-11-30 18:43:26,GET,500,2897,1
10.0.0.234,2024-11-30 15:12:00,OPTIONS,200,5615,0
10.0.0.2,2024-11-30 22:25:23,PUT,200,3803,0
10.0.0.47,2024-11-30 03:44:09,GET,200,1814,0
192.168.1.175,2024-11-30 06:20:23,PUT,404,3841,1
10.0.0.176,2024-11-30 16:47:03,PUT,200,3282,0
10.0.0.144,2024-11-30 19:13:26,DELETE,200,3241,0
10.0.0.188,2024-12-01 01:12:29,OPTIONS,201,6490,0
192.168.1.209,2024-11-30 03:51:44,POST,200,9006,0
10.0.0.53,2024-11-30 15:11:37,POST,200,1642,0
192.168.1.228,2024-11-30 20:34:02,POST,503,4224,1
192.168.1.220,2024-11-30 04:11:31,GET,301,4228,0
192.168.1.9,2024-11-30 17:22:33,PUT,403,1390,1
10.0.0.98,2024-11-30 18:31:24,PUT,301,6546,0
192.168.1.135,2024-11-30 05:22:18,PUT,200,9757,0
10.0.0.13,2024-11-30 23:14:34,PUT,200,762,0
192.168.1.149,2024-11-30 04:17:21,GET,404,8002,1
10.0.0.12,2024-11-30 17:22:59,DELETE,403,1708,0
192.168.1.97,2024-12-01 00:56:30,DELETE,404,5644,0
192.168.1.48,2024-11-30 14:03:39,GET,500,2112,1
192.168.1.103,2024-11-30 21:21:35,OPTIONS,201,3794,0
192.168.1.150,2024-11-30 06:37:26,POST,301,6832,0
192.168.1.45,2024-11-30 19:59:57,DELETE,200,4356,0
10.0.0.167,2024-11-30 14:05:42,DELETE,201,237,0
192.168.1.190,2024-11-30 12:27:33,DELETE,200,562,0
10.0.0.60,2024-11-30 16:29:17,PUT,403,9384,1
192.168.1.153,2024-11-30 23:19:29,PUT,201,5090,0
192.168.1.70,2024-11-30 15:26:18,POST,404,1162,1
10.0.0.82,2024-11-30 06:57:33,PUT,200,1544,0
192.168.1.189,2024-11-30 13:18:34,OPTIONS,200,3182,0
10.0.0.170,2024-11-30 04:18:19,OPTIONS,404,290,1
10.0.0.110,2024-11-30 09:48:25,GET,200,4935,0
192.168.1.40,2024-11-30 02:12:42,GET,403,5219,0
192.168.1.77,2024-11-30 04:13:04,PUT,404,8697,1
10.0.0.171,2024-11-30 10:00:40,POST,403,4843,0
192.168.1.116,2024-11-30 20:17:14,OPTIONS,301,6395,0
10.0.0.17,2024-12-01 01:29:13,OPTIONS,403,6989,1
10.0.0.168,2024-11-30 15:11:29,DELETE,500,11364,1
192.168.1.125,2024-11-30 23:00:09,POST,301,2340,0
192.168.1.86,2024-11-30 13:29:26,DELETE,301,7026,0
192.168.1.141,2024-11-30 05:39:01,OPTIONS,200,239,0
192.168.1.245,2024-11-30 23:11:16,PUT,200,2679,0
192.168.1.42,2024-11-30 05:32:25,DELETE,500,647,1
192.168.1.207,2024-11-30 07:02:54,DELETE,200,7804,0
192.168.1.231,2024-11-30 11:34:14,PUT,200,6736,0
10.0.0.198,2024-11-30 02:00:35,GET,200,4862,0
192.168.1.115,2024-11-30 02:57:20,OPTIONS,200,2770,1
192.168.1.153,2024-11-30 04:34:28,POST,200,7601,0
10.0.0.219,2024-11-30 10:48:15,PUT,404,6919,1
10.0.0.232,2024-11-30 08:53:50,GET,200,12609,0
192.168.1.11,2024-11-30 13:46:41,POST,200,617,0
192.168.1.86,2024-11-30 09:09:51,PUT,200,4528,1
10.0.0.206,2024-11-30 02:45:25,GET,201,7505,0
10.0.0.34,2024-11-30 11:53:07,DELETE,500,12023,1
192.168.1.159,2024-11-30 04:06:08,DELETE,403,6150,0
192.168.1.43,2024-11-30 07:24:08,POST,301,4254,0
10.0.0.151,2024-12-01 00:03:05,OPTIONS,301,7851,0
192.168.1.33,2024-11-30 07:17:40,OPTIONS,301,1282,0
192.168.1.120,2024-11-30 03:32:00,DELETE,301,8115,0
192.168.1.75,2024-11-30 15:43:51,POST,200,9378,0
192.168.1.83,2024-11-30 10:26:42,POST,200,1276,0
10.0.0.97,2024-11-30 14:24:22,PUT,200,8058,0
10.0.0.95,2024-11-30 15:54:49,GET,200,8315,0
10.0.0.97,2024-11-30 18:10:05,DELETE,200,7232,0
192.168.1.254,2024-11-30 13:22:10,DELETE,301,3136,0
192.168.1.8,2024-11-30 23:21:28,DELETE,200,17801,0
192.168.1.110,2024-11-30 23:18:42,DELETE,201,3380,0
10.0.0.217,2024-11-30 04:13:16,GET,404,601,0
10.0.0.49,2024-11-30 23:22:00,PUT,200,9337,0
10.0.0.133,2024-11-30 19:58:31,GET,200,9488,0
192.168.1.73,2024-11-30 18:28:28,POST,201,5482,0
192.168.1.68,2024-11-30 04:13:50,POST,200,9647,0
192.168.1.152,2024-11-30 13:51:30,PUT,201,9507,0
192.168.1.135,2024-11-30 18:47:57,POST,403,7609,1
10.0.0.67,2024-11-30 06:34:13,POST,404,8496,0
10.0.0.202,2024-12-01 00:33:07,OPTIONS,301,4231,0
192.168.1.219,2024-11-30 12:40:45,DELETE,200,7618,0
192.168.1.1,2024-11-30 15:44:07,GET,200,5369,0
10.0.0.148,2024-11-30 18:06:53,GET,500,3627,1
192.168.1.24,2024-11-30 21:16:15,POST,301,2761,0
192.168.1.86,2024-11-30 20:29:32,DELETE,200,6423,0
192.168.1.38,2024-12-01 01:04:58,PUT,404,5009,1
10.0.0.249,2024-11-30 07:14:32,PUT,200,8851,0
192.168.1.175,2024-11-30 04:24:35,OPTIONS,200,4360,0
192.168.1.182,2024-11-30 16:32:36,OPTIONS,404,1984,1
192.168.1.136,2024-11-30 07:13:06,DELETE,200,19426,0
10.0.0.90,2024-11-30 06:04:31,OPTIONS,503,2481,1
192.168.1.204,2024-11-30 18:16:31,OPTIONS,404,3729,1
10.0.0.102,2024-11-30 04:28:00,PUT,200,2691,0
192.168.1.61,2024-11-30 02:53:12,PUT,200,8995,0
10.0.0.138,2024-12-01 01:28:49,POST,500,6377,1
10.0.0.110,2024-11-30 08:52:55,PUT,200,9205,0
192.168.1.129,2024-11-30 12:18:18,DELETE,200,9366,0
10.0.0.203,2024-11-30 02:45:30,OPTIONS,200,5679,0
10.0.0.246,2024-11-30 20:33:58,DELETE,200,234,0
192.168.1.38,2024-11-30 21:31:57,POST,301,4909,0
192.168.1.91,2024-11-30 17:43:43,PUT,200,7526,0
10.0.0.59,2024-12-01 00:38:46,PUT,403,9571,1
192.168.1.50,2024-12-01 00:25:49,DELETE,200,8296,0
192.168.1.205,2024-11-30 18:50:55,DELETE,201,2475,0
10.0.0.247,2024-12-01 00:12:48,PUT,200,4838,0
192.168.1.147,2024-11-30 18:45:09,OPTIONS,404,9887,1
192.168.1.187,2024-11-30 05:31:22,GET,404,6700,1
192.168.1.124,2024-11-30 08:40:33,OPTIONS,403,4432,1
10.0.0.205,2024-11-30 12:27:55,OPTIONS,201,3190,1
10.0.0.33,2024-11-30 07:46:39,OPTIONS,200,1658,0
192.168.1.255,2024-11-30 17:54:50,PUT,200,3126,0
10.0.0.109,2024-11-30 22:47:48,DELETE,403,8066,1
192.168.1.141,2024-11-30 03:54:00,POST,403,234,1
10.0.0.231,2024-11-30 02:36:09,DELETE,200,7317,0
192.168.1.195,2024-11-30 22:40:27,PUT,200,6812,0
192.168.1.114,2024-11-30 06:09:25,DELETE,404,8259,1
10.0.0.97,2024-11-30 14:17:21,GET,201,8994,0
10.0.0.31,2024-11-30 02:02:16,OPTIONS,200,6889,0
192.168.1.175,2024-11-30 10:23:17,POST,201,2722,0
192.168.1.68,2024-11-30 10:40:40,GET,200,8884,0
192.168.1.223,2024-11-30 09:51:02,OPTIONS,200,8637,0
192.168.1.15,2024-11-30 12:01:07,OPTIONS,200,1015,0
192.168.1.37,2024-11-30 15:24:00,DELETE,200,8457,0
10.0.0.65,2024-11-30 10:40:06,GET,200,9952,0
192.168.1.216,2024-11-30 05:14:37,PUT,503,6063,1
10.0.0.106,2024-11-30 14:26:16,DELETE,200,6665,0
10.0.0.40,2024-11-30 19:47:26,GET,404,459,1
192.168.1.101,2024-11-30 17:56:52,OPTIONS,200,4169,0
192.168.1.40,2024-11-30 16:48:44,DELETE,200,6052,0
10.0.0.217,2024-11-30 04:27:04,GET,200,6923,0
192.168.1.87,2024-11-30 08:40:51,GET,200,12770,0
10.0.0.148,2024-11-30 17:49:40,OPTIONS,403,8366,1
10.0.0.205,2024-12-01 01:01:27,DELETE,200,9078,1
192.168.1.59,2024-11-30 23:27:26,OPTIONS,200,1166,0
10.0.0.154,2024-11-30 05:28:03,POST,503,7495,1
10.0.0.215,2024-11-30 08:11:28,OPTIONS,200,692,0
10.0.0.2,2024-11-30 21:34:02,OPTIONS,403,8291,1
10.0.0.8,2024-11-30 15:55:41,PUT,200,5571,0
10.0.0.253,2024-11-30 06:45:13,POST,404,8743,1
192.168.1.28,2024-11-30 13:47:19,PUT,201,666,0
10.0.0.235,2024-11-30 16:01:15,PUT,201,3530,0
192.168.1.145,2024-11-30 15:15:30,PUT,201,6264,1
10.0.0.247,2024-11-30 05:08:03,DELETE,500,1824,1
192.168.1.144,2024-11-30 11:56:35,POST,200,341,0
10.0.0.233,2024-11-30 19:42:37,OPTIONS,403,2336,1
10.0.0.151,2024-11-30 06:39:29,DELETE,200,15134,0
10.0.0.109,2024-11-30 13:47:10,OPTIONS,500,7638,1
192.168.1.250,2024-12-01 01:35:45,POST,201,6701,0
10.0.0.2,2024-11-30 05:10:54,DELETE,200,4570,0
192.168.1.112,2024-11-30 11:48:21,POST,404,1279,1
192.168.1.16,2024-11-30 10:06:22,PUT,200,5258,0
192.168.1.206,2024-11-30 18:03:09,GET,500,6150,1
10.0.0.162,2024-11-30 01:53:50,POST,200,1022,0
10.0.0.218,2024-11-30 15:19:06,GET,200,1501,0
192.168.1.134,2024-12-01 01:04:48,POST,200,215,0
192.168.1.36,2024-11-30 03:55:19,GET,200,2652,0
10.0.0.191,2024-11-30 16:30:34,OPTIONS,301,6824,0
192.168.1.63,2024-11-30 14:17:55,PUT,200,3608,0
10.0.0.86,2024-11-30 02:52:57,POST,404,8516,1
10.0.0.225,2024-11-30 07:39:35,DELETE,200,8974,0
10.0.0.151,2024-11-30 16:51:45,POST,404,8743,1
10.0.0.215,2024-11-30 09:58:24,GET,200,5265,0
10.0.0.222,2024-11-30 11:24:04,PUT,503,4697,0
10.0.0.88,2024-11-30 05:19:02,DELETE,201,5524,0
10.0.0.248,2024-11-30 15:06:20,DELETE,200,9105,0
192.168.1.188,2024-11-30 19:49:58,DELETE,200,4943,0
192.168.1.245,2024-12-01 01:02:52,DELETE,301,791,0
192.168.1.120,2024-11-30 19:14:48,PUT,200,4027,0
10.0.0.135,2024-11-30 07:39:30,PUT,200,3816,0
192.168.1.145,2024-11-30 10:08:12,DELETE,403,1094,1
192.168.1.221,2024-11-30 21:57:40,DELETE,200,5753,0
192.168.1.182,2024-11-30 09:13:31,PUT,201,7253,0
10.0.0.167,2024-12-01 00:20:44,PUT,200,2404,0
10.0.0.227,2024-11-30 10:33:11,GET,200,478,0
10.0.0.203,2024-11-30 07:11:18,POST,403,6876,1
10.0.0.75,2024-11-30 03:52:51,PUT,200,2453,1
192.168.1.112,2024-11-30 20:21:11,PUT,403,728,1
10.0.0.57,2024-11-30 02:25:21,OPTIONS,301,12821,0
10.0.0.105,2024-11-30 17:55:46,POST,503,15291,1
10.0.0.135,2024-11-30 08:49:22,OPTIONS,500,9571,0
192.168.1.19,2024-11-30 06:50:35,GET,200,4595,0
192.168.1.64,2024-11-30 03:48:36,PUT,200,3333,0
192.168.1.147,2024-11-30 02:20:32,GET,200,9390,0
10.0.0.181,2024-11-30 15:57:58,OPTIONS,200,12008,0
192.168.1.145,2024-11-30 20:03:30,POST,404,4079,0
10.0.0.250,2024-12-01 00:50:32,OPTIONS,200,8236,0
10.0.0.253,2024-11-30 15:41:44,POST,404,1527,0
192.168.1.88,2024-11-30 23:49:09,DELETE,403,6492,1
10.0.0.1,2024-11-30 04:52:56,DELETE,200,5241,0
192.168.1.195,2024-11-30 07:09:10,PUT,200,3868,0
10.0.0.2,2024-11-30 12:58:26,PUT,200,8815,0
10.0.0.27,2024-11-30 14:46:29,DELETE,200,1985,0
10.0.0.172,2024-11-30 19:42:04,GET,301,277,0
10.0.0.136,2024-11-30 13:16:00,PUT,200,6879,0
10.0.0.209,2024-11-30 11:47:52,PUT,404,3002,1
10.0.0.59,2024-11-30 22:33:17,PUT,200,374,0
10.0.0.137,2024-11-30 13:26:42,DELETE,200,539,1
10.0.0.255,2024-11-30 16:51:47,PUT,201,3347,0
192.168.1.107,2024-11-30 03:09:18,POST,200,9006,0
10.0.0.118,2024-11-30 04:50:58,GET,200,8902,0
192.168.1.246,2024-11-30 13:39:29,POST,200,2336,0
10.0.0.33,2024-11-30 09:02:00,PUT,404,2077,1
10.0.0.33,2024-11-30 11:22:14,OPTIONS,301,6955,0
192.168.1.30,2024-11-30 18:07:47,POST,200,280,0
10.0.0.18,2024-11-30 22:17:14,DELETE,201,3116,0
10.0.0.72,2024-11-30 09:31:18,POST,403,18505,0
10.0.0.33,2024-12-01 00:22:51,POST,404,5619,1
192.168.1.223,2024-11-30 09:34:28,PUT,200,4930,0
192.168.1.218,2024-11-30 14:03:59,GET,403,5594,1
10.0.0.183,2024-11-30 13:49:09,POST,200,262,0
192.168.1.46,2024-11-30 18:00:15,OPTIONS,403,7554,1
10.0.0.43,2024-11-30 19:32:23,OPTIONS,200,6393,0
192.168.1.146,2024-11-30 09:28:29,OPTIONS,200,4307,0
192.168.1.175,2024-11-30 11:53:11,PUT,200,4162,0
10.0.0.208,2024-11-30 23:33:23,DELETE,404,529,0
10.0.0.227,2024-11-30 13:40:27,GET,403,1335,1
10.0.0.178,2024-11-30 06:41:21,PUT,503,5526,1
10.0.0.170,2024-11-30 03:25:58,GET,301,7746,0
10.0.0.111,2024-11-30 10:53:10,GET,201,8430,0
192.168.1.113,2024-11-30 20:06:26,GET,201,9943,0
10.0.0.137,2024-11-30 16:58:40,GET,301,7834,0
10.0.0.156,2024-11-30 19:28:23,PUT,403,2179,1
192.168.1.14,2024-11-30 03:55:10,DELETE,201,4791,0
192.168.1.216,2024-11-30 04:27:27,PUT,200,5509,0
192.168.1.56,2024-11-30 04:09:57,OPTIONS,200,12690,0
192.168.1.121,2024-11-30 19:04:01,GET,301,18222,0
192.168.1.90,2024-11-30 01:50:46,GET,200,3484,0
192.168.1.57,2024-11-30 17:55:42,OPTIONS,200,3274,0
10.0.0.27,2024-11-30 23:56:26,PUT,200,2094,0
10.0.0.108,2024-11-30 16:44:42,PUT,200,6477,0
192.168.1.141,2024-11-30 21:47:21,DELETE,201,2827,0
10.0.0.124,2024-11-30 23:57:03,POST,503,8446,1
10.0.0.46,2024-11-30 06:12:03,OPTIONS,404,6728,1
10.0.0.112,2024-11-30 14:50:17,DELETE,500,462,0
192.168.1.187,2024-12-01 00:08:09,OPTIONS,200,4814,1
10.0.0.102,2024-11-30 21:25:14,OPTIONS,201,638,0
10.0.0.55,2024-11-30 12:34:31,POST,500,5782,1
10.0.0.150,2024-11-30 13:10:25,DELETE,200,2698,0
10.0.0.91,2024-11-30 21:02:02,OPTIONS,404,9539,0
10.0.0.76,2024-11-30 04:37:44,OPTIONS,301,9580,0
192.168.1.114,2024-11-30 04:23:06,GET,200,2579,0
192.168.1.175,2024-11-30 13:56:35,OPTIONS,503,2495,1
10.0.0.2,2024-11-30 07:06:23,DELETE,403,3015,1
192.168.1.26,2024-11-30 17:27:55,PUT,200,5401,0
192.168.1.128,2024-11-30 09:07:40,PUT,200,9411,0
192.168.1.28,2024-11-30 06:32:35,PUT,200,7478,0
192.168.1.16,2024-11-30 21:56:48,PUT,301,2827,0
10.0.0.40,2024-11-30 08:45:05,POST,200,3251,0
192.168.1.158,2024-11-30 11:44:51,POST,200,5453,0
192.168.1.237,2024-11-30 11:22:17,OPTIONS,200,7315,0
10.0.0.218,2024-11-30 13:46:26,PUT,200,7520,0
10.0.0.230,2024-11-30 16:34:30,GET,404,3201,1
10.0.0.33,2024-11-30 21:04:34,GET,500,5356,1
192.168.1.119,2024-11-30 22:48:17,POST,503,5268,1
10.0.0.94,2024-11-30 20:10:47,DELETE,200,1179,0
10.0.0.240,2024-11-30 10:31:33,POST,200,9661,0
192.168.1.164,2024-12-01 00:35:42,PUT,200,3965,0
192.168.1.80,2024-11-30 12:19:11,DELETE,200,4961,1
10.0.0.173,2024-11-30 14:02:12,PUT,404,4514,1
10.0.0.160,2024-11-30 11:19:41,GET,200,7905,0
192.168.1.235,2024-11-30 15:45:48,POST,301,600,0
10.0.0.253,2024-11-30 05:25:28,DELETE,200,3826,0
10.0.0.61,2024-11-30 06:01:21,POST,404,6543,0
10.0.0.47,2024-11-30 02:54:00,PUT,301,6070,0
192.168.1.142,2024-11-30 12:37:21,OPTIONS,403,1091,1
10.0.0.255,2024-11-30 03:00:40,OPTIONS,200,1815,0
192.168.1.48,2024-11-30 22:05:02,OPTIONS,403,6082,1
192.168.1.173,2024-12-01 00:04:24,OPTIONS,200,785,0
192.168.1.51,2024-11-30 13:10:41,POST,200,7458,0
10.0.0.29,2024-11-30 20:47:19,PUT,200,3335,1
192.168.1.30,2024-11-30 12:40:00,GET,404,3002,0
10.0.0.93,2024-12-01 00:15:09,GET,403,7276,1
192.168.1.40,2024-11-30 06:16:47,OPTIONS,404,4042,0
10.0.0.42,2024-11-30 17:18:36,OPTIONS,200,9114,0
192.168.1.75,2024-11-30 01:59:15,PUT,301,8291,0
10.0.0.84,2024-11-30 21:41:59,DELETE,403,1214,1
192.168.1.156,2024-11-30 15:58:59,DELETE,200,2115,0
192.168.1.201,2024-11-30 21:25:29,OPTIONS,403,8878,1
192.168.1.37,2024-11-30 08:44:30,DELETE,200,4723,0
10.0.0.20,2024-11-30 02:25:41,POST,301,8529,0
192.168.1.37,2024-11-30 12:30:40,OPTIONS,200,5600,0
192.168.1.47,2024-11-30 13:50:17,DELETE,200,6564,0
192.168.1.43,2024-12-01 00:05:26,POST,500,9053,0
192.168.1.70,2024-11-30 08:12:47,OPTIONS,200,3686,0
192.168.1.153,2024-11-30 16:05:07,GET,200,396,0
10.0.0.166,2024-11-30 10:12:05,OPTIONS,200,9790,0
192.168.1.168,2024-11-30 22:34:11,DELETE,200,2400,0
10.0.0.190,2024-11-30 14:22:35,OPTIONS,201,6704,0
192.168.1.245,2024-11-30 18:03:35,POST,201,3102,0
192.168.1.70,2024-11-30 21:47:27,POST,301,2459,0
10.0.0.156,2024-11-30 10:28:27,POST,201,4762,0
10.0.0.193,2024-11-30 13:49:26,POST,200,6348,0
10.0.0.8,2024-11-30 20:25:34,PUT,200,6455,0
10.0.0.26,2024-11-30 06:24:42,GET,301,17836,0
192.168.1.242,2024-11-30 22:20:22,POST,403,13504,1
10.0.0.34,2024-11-30 17:50:17,OPTIONS,500,9577,1
10.0.0.177,2024-11-30 17:41:04,PUT,403,6423,1
10.0.0.251,2024-11-30 23:16:14,GET,201,6458,0
192.168.1.145,2024-11-30 18:37:40,GET,200,7764,0
192.168.1.60,2024-11-30 17:15:34,GET,500,8384,1
192.168.1.121,2024-11-30 06:26:26,DELETE,200,9961,0
192.168.1.164,2024-11-30 16:04:56,OPTIONS,200,2681,0
192.168.1.104,2024-11-30 06:21:00,PUT,201,269,0
10.0.0.10,2024-11-30 09:15:46,OPTIONS,201,9072,0
192.168.1.232,2024-11-30 06:34:49,DELETE,404,9836,0
10.0.0.112,2024-11-30 21:37:18,DELETE,200,3575,0
192.168.1.170,2024-11-30 07:30:40,GET,200,7260,1
192.168.1.29,2024-11-30 14:56:06,GET,201,3067,0
10.0.0.115,2024-11-30 09:36:48,OPTIONS,200,8940,0
10.0.0.137,2024-11-30 19:06:36,OPTIONS,301,6311,0
10.0.0.187,2024-11-30 23:24:55,POST,500,955,1
10.0.0.149,2024-11-30 19:16:37,PUT,200,169,0
192.168.1.141,2024-11-30 16:16:29,OPTIONS,200,4641,0
192.168.1.3,2024-12-01 01:26:57,DELETE,201,3257,0
192.168.1.157,2024-11-30 18:35:42,OPTIONS,200,6089,0
192.168.1.44,2024-11-30 23:56:45,POST,503,6199,0
10.0.0.143,2024-11-30 13:32:25,OPTIONS,200,6435,0
192.168.1.125,2024-11-30 04:13:37,OPTIONS,201,1056,0
10.0.0.87,2024-11-30 17:46:01,DELETE,200,3456,0
192.168.1.12,2024-11-30 10:02:41,PUT,200,2456,0
10.0.0.133,2024-11-30 18:49:23,DELETE,200,819,0
10.0.0.146,2024-11-30 11:06:33,GET,200,763,0
192.168.1.59,2024-11-30 17:12:52,OPTIONS,200,5420,0
192.168.1.255,2024-11-30 09:04:06,OPTIONS,201,2583,0
192.168.1.229,2024-11-30 22:25:16,PUT,200,2531,0
10.0.0.186,2024-11-30 15:02:24,POST,200,9784,0
10.0.0.162,2024-11-30 03:15:24,GET,404,9467,1
192.168.1.217,2024-11-30 23:03:52,POST,200,371,0
192.168.1.47,2024-11-30 03:24:45,PUT,301,2276,0
10.0.0.121,2024-11-30 03:46:40,PUT,200,9353,0
10.0.0.81,2024-12-01 01:11:28,PUT,403,7120,1
192.168.1.51,2024-11-30 15:56:44,POST,403,2843,1
10.0.0.103,2024-11-30 07:54:22,GET,503,6281,1
192.168.1.130,2024-11-30 20:48:57,OPTIONS,200,6757,0
192.168.1.35,2024-11-30 01:53:42,DELETE,200,12955,0
192.168.1.107,2024-11-30 23:20:23,POST,503,4957,1
192.168.1.105,2024-11-30 16:52:20,GET,200,9595,0
192.168.1.142,2024-11-30 13:21:05,PUT,500,7007,0
192.168.1.37,2024-12-01 00:24:16,GET,200,8462,0
10.0.0.118,2024-12-01 00:10:26,GET,200,16506,0
10.0.0.215,2024-11-30 06:12:00,OPTIONS,200,4565,0
192.168.1.18,2024-11-30 04:33:03,OPTIONS,404,19697,1
192.168.1.162,2024-12-01 00:37:28,GET,200,9170,0
10.0.0.245,2024-11-30 08:12:55,GET,200,7237,0
10.0.0.198,2024-11-30 21:24:34,POST,200,5197,0
10.0.0.11,2024-11-30 14:50:37,GET,200,2719,0
10.0.0.77,2024-11-30 02:31:54,OPTIONS,500,2307,0
192.168.1.184,2024-11-30 10:23:03,OPTIONS,403,4059,1
10.0.0.79,2024-11-30 17:21:08,PUT,200,4214,0
192.168.1.41,2024-11-30 11:37:37,GET,200,9245,0
192.168.1.55,2024-11-30 05:34:22,POST,404,682,1
10.0.0.225,2024-11-30 13:57:22,PUT,200,6172,0
10.0.0.194,2024-11-30 19:08:30,DELETE,503,6473,1
10.0.0.41,2024-11-30 05:55:29,DELETE,404,3882,0
192.168.1.244,2024-11-30 07:18:52,GET,500,7715,0
192.168.1.36,2024-11-30 08:13:26,OPTIONS,500,7155,1
192.168.1.34,2024-11-30 15:49:17,POST,200,3995,1
192.168.1.155,2024-11-30 23:36:29,PUT,200,6729,0
192.168.1.157,2024-11-30 15:34:21,OPTIONS,403,4618,1
10.0.0.231,2024-11-30 11:43:47,OPTIONS,200,1507,0
10.0.0.109,2024-11-30 04:40:25,OPTIONS,200,7338,0
10.0.0.241,2024-11-30 12:41:42,DELETE,200,3635,0
10.0.0.166,2024-11-30 17:03:00,GET,301,8329,0
10.0.0.203,2024-11-30 02:03:30,POST,200,2981,0
192.168.1.68,2024-11-30 06:01:01,DELETE,200,3701,0
192.168.1.151,2024-12-01 00:39:58,PUT,200,5146,0
192.168.1.98,2024-11-30 11:46:11,PUT,200,3779,0
10.0.0.127,2024-11-30 04:47:24,POST,301,4167,0
10.0.0.28,2024-11-30 19:02:14,DELETE,200,855,0
10.0.0.186,2024-11-30 12:31:32,OPTIONS,200,9726,0
10.0.0.88,2024-12-01 00:43:31,GET,200,7972,0
10.0.0.30,2024-11-30 15:36:41,DELETE,403,9737,0
10.0.0.221,2024-11-30 03:43:53,DELETE,200,1906,0
192.168.1.188,2024-11-30 15:01:34,OPTIONS,200,8697,1
10.0.0.83,2024-11-30 04:39:27,GET,200,8886,0
192.168.1.93,2024-11-30 14:11:42,GET,201,4994,0
192.168.1.172,2024-11-30 06:34:49,DELETE,403,6561,1
10.0.0.215,2024-11-30 12:22:22,GET,200,7888,0
10.0.0.161,2024-11-30 16:18:34,DELETE,301,6098,0
192.168.1.210,2024-11-30 09:29:56,GET,200,2669,0
10.0.0.118,2024-11-30 15:19:47,GET,200,2021,0
10.0.0.103,2024-11-30 04:17:27,POST,200,7274,0
192.168.1.153,2024-11-30 19:16:51,POST,200,6753,0
192.168.1.231,2024-11-30 19:16:28,POST,200,4104,0
10.0.0.194,2024-11-30 21:09:00,DELETE,200,9339,0
192.168.1.154,2024-11-30 20:55:57,GET,200,2316,0
192.168.1.185,2024-11-30 11:02:41,OPTIONS,301,6802,0
10.0.0.184,2024-11-30 08:52:55,POST,503,6049,0
10.0.0.172,2024-11-30 23:29:21,DELETE,200,7346,0
192.168.1.20,2024-11-30 05:10:43,POST,503,9679,0
192.168.1.123,2024-11-30 16:08:01,POST,200,8755,0
10.0.0.9,2024-11-30 05:47:19,OPTIONS,301,175,0
192.168.1.29,2024-11-30 04:01:40,OPTIONS,500,7409,1
192.168.1.123,2024-11-30 05:37:28,GET,200,7262,0
10.0.0.28,2024-11-30 07:11:11,DELETE,201,19396,0
10.0.0.120,2024-11-30 10:34:16,DELETE,301,8761,0
10.0.0.81,2024-11-30 10:24:30,OPTIONS,200,9050,0
192.168.1.182,2024-11-30 20:43:43,GET,200,1521,0
10.0.0.53,2024-11-30 16:57:39,POST,201,5270,0
10.0.0.151,2024-11-30 12:39:07,PUT,200,5666,0
192.168.1.252,2024-11-30 18:09:00,DELETE,200,2784,0
10.0.0.249,2024-11-30 19:36:41,DELETE,404,1908,0
192.168.1.105,2024-11-30 11:10:03,OPTIONS,200,9794,0
192.168.1.110,2024-11-30 04:40:25,POST,404,8513,1
10.0.0.24,2024-11-30 09:22:39,GET,200,134,0
10.0.0.112,2024-11-30 22:45:33,GET,403,4968,1
192.168.1.174,2024-11-30 09:04:09,GET,200,7390,0
192.168.1.248,2024-11-30 01:53:45,POST,500,4620,1
10.0.0.166,2024-11-30 05:12:22,PUT,201,668,0
192.168.1.202,2024-11-30 03:05:38,DELETE,201,4901,0
10.0.0.125,2024-11-30 13:57:09,POST,403,6674,1
192.168.1.234,2024-11-30 04:33:39,PUT,200,9733,0
192.168.1.25,2024-11-30 13:11:11,PUT,404,19253,1
192.168.1.51,2024-11-30 11:02:20,GET,301,5809,0
192.168.1.47,2024-11-30 18:34:29,GET,200,521,0
192.168.1.132,2024-11-30 02:04:44,OPTIONS,200,2544,0
10.0.0.184,2024-11-30 02:11:56,OPTIONS,200,9119,0
10.0.0.46,2024-11-30 12:10:43,OPTIONS,404,9405,0
10.0.0.211,2024-11-30 10:25:32,POST,500,5806,1
10.0.0.94,2024-11-30 05:25:34,POST,200,5552,0
192.168.1.200,2024-11-30 13:08:59,POST,403,223,1
192.168.1.49,2024-11-30 05:20:30,DELETE,200,4125,0
10.0.0.148,2024-11-30 21:05:32,PUT,301,5316,0
192.168.1.196,2024-11-30 22:27:25,PUT,200,9870,0
192.168.1.251,2024-11-30 11:51:21,PUT,200,2450,0
10.0.0.91,2024-12-01 00:30:51,POST,500,4810,1
10.0.0.124,2024-11-30 09:43:39,OPTIONS,503,8165,1
192.168.1.162,2024-11-30 22:59:29,PUT,201,9567,0
10.0.0.18,2024-11-30 15:25:28,GET,200,453,0
192.168.1.117,2024-11-30 06:43:20,PUT,200,4514,0
192.168.1.133,2024-11-30 10:43:42,PUT,200,1602,0
10.0.0.165,2024-11-30 12:47:24,OPTIONS,403,4322,1
192.168.1.43,2024-11-30 22:27:08,POST,200,9313,0
10.0.0.103,2024-11-30 09:47:46,OPTIONS,301,234,0
10.0.0.184,2024-11-30 09:47:30,GET,200,2521,0
10.0.0.219,2024-12-01 01:04:57,OPTIONS,200,5391,0
10.0.0.80,2024-11-30 22:01:53,PUT,500,1843,1
10.0.0.177,2024-11-30 17:26:52,PUT,200,5356,0
192.168.1.78,2024-11-30 22:49:39,GET,403,13180,0
10.0.0.166,2024-11-30 05:40:53,POST,200,3576,0
10.0.0.118,2024-12-01 00:23:31,POST,200,7107,0
192.168.1.195,2024-11-30 12:52:37,POST,404,1078,1
192.168.1.75,2024-11-30 09:26:29,PUT,200,3739,0
192.168.1.3,2024-11-30 13:45:02,OPTIONS,201,6959,0
10.0.0.234,2024-11-30 10:13:50,PUT,200,6633,0
10.0.0.213,2024-11-30 14:16:07,GET,200,8774,0
10.0.0.96,2024-11-30 15:22:43,GET,403,8378,1
192.168.1.124,2024-11-30 01:50:09,POST,301,7610,0
10.0.0.151,2024-11-30 17:59:54,GET,200,7972,0
192.168.1.128,2024-11-30 06:28:53,POST,404,13309,1
192.168.1.133,2024-11-30 10:32:31,GET,200,9230,0
10.0.0.65,2024-11-30 01:57:29,PUT,301,2181,0
10.0.0.159,2024-11-30 02:20:32,DELETE,200,6564,0
192.168.1.28,2024-11-30 10:04:40,PUT,200,9642,0
192.168.1.134,2024-11-30 05:39:13,OPTIONS,200,4560,0
192.168.1.28,2024-11-30 22:21:52,PUT,200,5260,1
10.0.0.24,2024-11-30 06:44:38,PUT,403,7623,1
10.0.0.227,2024-11-30 03:12:52,GET,200,497,0
10.0.0.199,2024-11-30 11:18:17,OPTIONS,404,8557,1
192.168.1.196,2024-11-30 04:21:44,GET,200,5177,0
192.168.1.30,2024-11-30 09:11:08,DELETE,200,18898,0
192.168.1.149,2024-11-30 01:47:06,GET,200,463,0
10.0.0.204,2024-11-30 03:05:46,PUT,404,5020,1
10.0.0.181,2024-11-30 23:18:47,DELETE,200,7195,0
192.168.1.54,2024-12-01 00:18:38,PUT,301,9632,0
10.0.0.111,2024-11-30 05:28:14,DELETE,404,275,1
192.168.1.172,2024-11-30 21:29:08,DELETE,403,2575,1
10.0.0.169,2024-11-30 20:39:20,GET,503,4793,1
10.0.0.132,2024-11-30 14:06:25,DELETE,200,9219,0
192.168.1.248,2024-12-01 01:34:22,PUT,403,591,1
10.0.0.235,2024-11-30 23:42:15,GET,200,8679,0
10.0.0.173,2024-11-30 16:00:30,DELETE,200,2028,0
192.168.1.119,2024-11-30 10:22:25,POST,503,2970,1
192.168.1.153,2024-11-30 22:29:55,GET,201,5345,0
10.0.0.189,2024-11-30 13:53:24,GET,301,170,0
192.168.1.140,2024-11-30 03:50:10,DELETE,503,2878,0
10.0.0.155,2024-11-30 10:12:43,PUT,201,4111,1
192.168.1.121,2024-12-01 01:05:05,PUT,200,1667,0
192.168.1.162,2024-12-01 00:09:27,PUT,301,3469,0
192.168.1.179,2024-11-30 15:13:06,POST,403,2947,0
10.0.0.188,2024-11-30 19:23:00,POST,404,1392,1
192.168.1.171,2024-11-30 08:07:53,PUT,301,134,0
192.168.1.33,2024-11-30 19:55:56,GET,200,12199,0
192.168.1.135,2024-11-30 09:46:27,PUT,301,6966,0
192.168.1.39,2024-11-30 20:16:22,DELETE,403,1199,1
192.168.1.166,2024-11-30 04:52:41,OPTIONS,500,2539,1
192.168.1.192,2024-11-30 09:14:05,OPTIONS,200,2369,0
192.168.1.6,2024-11-30 20:17:13,GET,404,2783,1
192.168.1.15,2024-11-30 22:18:04,DELETE,200,7239,0
10.0.0.209,2024-11-30 20:36:43,GET,200,4697,0
192.168.1.204,2024-12-01 01:32:10,GET,200,13475,0
192.168.1.110,2024-12-01 01:40:32,POST,200,7392,0
192.168.1.149,2024-11-30 19:25:32,POST,201,2386,0
192.168.1.166,2024-11-30 09:41:02,OPTIONS,404,1107,1
192.168.1.24,2024-11-30 16:28:59,PUT,201,5651,0
192.168.1.221,2024-11-30 01:59:20,POST,200,9082,0
192.168.1.250,2024-11-30 11:40:01,GET,404,7472,0
10.0.0.71,2024-11-30 04:17:59,PUT,503,3911,1
10.0.0.55,2024-11-30 03:57:52,POST,503,9663,1
192.168.1.132,2024-11-30 13:24:16,GET,200,5189,0
10.0.0.196,2024-11-30 09:08:17,GET,200,4803,0
192.168.1.108,2024-11-30 12:33:14,GET,200,5219,0
192.168.1.18,2024-11-30 08:21:49,OPTIONS,200,2568,0
10.0.0.91,2024-11-30 13:05:48,PUT,200,2579,0
192.168.1.255,2024-12-01 00:53:52,PUT,201,4348,0
192.168.1.65,2024-11-30 05:06:59,GET,503,962,1
192.168.1.51,2024-11-30 17:12:08,OPTIONS,200,6500,0
10.0.0.116,2024-11-30 21:50:56,OPTIONS,200,3854,0
192.168.1.2,2024-11-30 08:23:04,GET,404,4338,1
10.0.0.1,2024-11-30 21:23:58,DELETE,503,9037,1
